city,catalogue,layer,mode,weights,window,reachable,quota,hours,method,CUSEC
Valencia,working,Full,connectors_shade,21,Morning,398,59,1610,Dual1_regional,4625001026
Valencia,working,Full,connectors_shade,21,Morning,398,59,1610,Dual1_regional,4625002003
Valencia,working,Full,connectors_shade,21,Morning,398,59,1610,Dual1_regional,4625003027
Valencia,working,Full,connectors_shade,21,Morning,398,59,1610,Dual1_regional,4625003037
Valencia,working,Full,connectors_shade,21,Morning,398,59,1610,Dual1_regional,4625003044
Valencia,working,Full,connectors_shade,21,Morning,398,59,1610,Dual1_regional,4625003046
Valencia,working,Full,connectors_shade,21,Morning,398,59,1610,Dual1_regional,4625004001
Valencia,working,Full,connectors_shade,21,Morning,398,59,1610,Dual1_regional,4625004005
Valencia,working,Full,connectors_shade,21,Morning,398,59,1610,Dual1_regional,4625004007
Valencia,working,Full,connectors_shade,21,Morning,398,59,1610,Dual1_regional,4625004011
Valencia,working,Full,connectors_shade,21,Morning,398,59,1610,Dual1_regional,4625004020
Valencia,working,Full,connectors_shade,21,Morning,398,59,1610,Dual1_regional,4625004022
Valencia,working,Full,connectors_shade,21,Morning,398,59,1610,Dual1_regional,4625005005
Valencia,working,Full,connectors_shade,21,Morning,398,59,1610,Dual1_regional,4625005021
Valencia,working,Full,connectors_shade,21,Morning,398,59,1610,Dual1_regional,4625006024
Valencia,working,Full,connectors_shade,21,Morning,398,59,1610,Dual1_regional,4625007010
Valencia,working,Full,connectors_shade,21,Morning,398,59,1610,Dual1_regional,4625007016
Valencia,working,Full,connectors_shade,21,Morning,398,59,1610,Dual1_regional,4625007027
Valencia,working,Full,connectors_shade,21,Morning,398,59,1610,Dual1_regional,4625007032
Valencia,working,Full,connectors_shade,21,Morning,398,59,1610,Dual1_regional,4625008004
Valencia,working,Full,connectors_shade,21,Morning,398,59,1610,Dual1_regional,4625008013
Valencia,working,Full,connectors_shade,21,Morning,398,59,1610,Dual1_regional,4625008019
Valencia,working,Full,connectors_shade,21,Morning,398,59,1610,Dual1_regional,4625009010
Valencia,working,Full,connectors_shade,21,Morning,398,59,1610,Dual1_regional,4625009021
Valencia,working,Full,connectors_shade,21,Morning,398,59,1610,Dual1_regional,4625009028
Valencia,working,Full,connectors_shade,21,Morning,398,59,1610,Dual1_regional,4625009030
Valencia,working,Full,connectors_shade,21,Morning,398,59,1610,Dual1_regional,4625009038
Valencia,working,Full,connectors_shade,21,Morning,398,59,1610,Dual1_regional,4625009039
Valencia,working,Full,connectors_shade,21,Morning,398,59,1610,Dual1_regional,4625010017
Valencia,working,Full,connectors_shade,21,Morning,398,59,1610,Dual1_regional,4625010022
Valencia,working,Full,connectors_shade,21,Morning,398,59,1610,Dual1_regional,4625010027
Valencia,working,Full,connectors_shade,21,Morning,398,59,1610,Dual1_regional,4625011005
Valencia,working,Full,connectors_shade,21,Morning,398,59,1610,Dual1_regional,4625011009
Valencia,working,Full,connectors_shade,21,Morning,398,59,1610,Dual1_regional,4625011019
Valencia,working,Full,connectors_shade,21,Morning,398,59,1610,Dual1_regional,4625011021
Valencia,working,Full,connectors_shade,21,Morning,398,59,1610,Dual1_regional,4625011028
Valencia,working,Full,connectors_shade,21,Morning,398,59,1610,Dual1_regional,4625011034
Valencia,working,Full,connectors_shade,21,Morning,398,59,1610,Dual1_regional,4625011037
Valencia,working,Full,connectors_shade,21,Morning,398,59,1610,Dual1_regional,4625011038
Valencia,working,Full,connectors_shade,21,Morning,398,59,1610,Dual1_regional,4625012013
Valencia,working,Full,connectors_shade,21,Morning,398,59,1610,Dual1_regional,4625012015
Valencia,working,Full,connectors_shade,21,Morning,398,59,1610,Dual1_regional,4625012028
Valencia,working,Full,connectors_shade,21,Morning,398,59,1610,Dual1_regional,4625012030
Valencia,working,Full,connectors_shade,21,Morning,398,59,1610,Dual1_regional,4625012031
Valencia,working,Full,connectors_shade,21,Morning,398,59,1610,Dual1_regional,4625012033
Valencia,working,Full,connectors_shade,21,Morning,398,59,1610,Dual1_regional,4625012037
Valencia,working,Full,connectors_shade,21,Morning,398,59,1610,Dual1_regional,4625013002
Valencia,working,Full,connectors_shade,21,Morning,398,59,1610,Dual1_regional,4625013017
Valencia,working,Full,connectors_shade,21,Morning,398,59,1610,Dual1_regional,4625014004
Valencia,working,Full,connectors_shade,21,Morning,398,59,1610,Dual1_regional,4625014010
Valencia,working,Full,connectors_shade,21,Morning,398,59,1610,Dual1_regional,4625014016
Valencia,working,Full,connectors_shade,21,Morning,398,59,1610,Dual1_regional,4625014018
Valencia,working,Full,connectors_shade,21,Morning,398,59,1610,Dual1_regional,4625015029
Valencia,working,Full,connectors_shade,21,Morning,398,59,1610,Dual1_regional,4625016002
Valencia,working,Full,connectors_shade,21,Morning,398,59,1610,Dual1_regional,4625016006
Valencia,working,Full,connectors_shade,21,Morning,398,59,1610,Dual1_regional,4625016014
Valencia,working,Full,connectors_shade,21,Morning,398,59,1610,Dual1_regional,4625016022
Valencia,working,Full,connectors_shade,21,Morning,398,59,1610,Dual1_regional,4625018008
Valencia,working,Full,connectors_shade,21,Morning,398,59,1610,Dual1_regional,4625019003
Valencia,working,Full,connectors_shade,21,Morning,398,59,1610,Dual1_uniform_area,4625002003
Valencia,working,Full,connectors_shade,21,Morning,398,59,1610,Dual1_uniform_area,4625003027
Valencia,working,Full,connectors_shade,21,Morning,398,59,1610,Dual1_uniform_area,4625003037
Valencia,working,Full,connectors_shade,21,Morning,398,59,1610,Dual1_uniform_area,4625003044
Valencia,working,Full,connectors_shade,21,Morning,398,59,1610,Dual1_uniform_area,4625003046
Valencia,working,Full,connectors_shade,21,Morning,398,59,1610,Dual1_uniform_area,4625004001
Valencia,working,Full,connectors_shade,21,Morning,398,59,1610,Dual1_uniform_area,4625004005
Valencia,working,Full,connectors_shade,21,Morning,398,59,1610,Dual1_uniform_area,4625004007
Valencia,working,Full,connectors_shade,21,Morning,398,59,1610,Dual1_uniform_area,4625004011
Valencia,working,Full,connectors_shade,21,Morning,398,59,1610,Dual1_uniform_area,4625004020
Valencia,working,Full,connectors_shade,21,Morning,398,59,1610,Dual1_uniform_area,4625004022
Valencia,working,Full,connectors_shade,21,Morning,398,59,1610,Dual1_uniform_area,4625005005
Valencia,working,Full,connectors_shade,21,Morning,398,59,1610,Dual1_uniform_area,4625005021
Valencia,working,Full,connectors_shade,21,Morning,398,59,1610,Dual1_uniform_area,4625005038
Valencia,working,Full,connectors_shade,21,Morning,398,59,1610,Dual1_uniform_area,4625006024
Valencia,working,Full,connectors_shade,21,Morning,398,59,1610,Dual1_uniform_area,4625007010
Valencia,working,Full,connectors_shade,21,Morning,398,59,1610,Dual1_uniform_area,4625007016
Valencia,working,Full,connectors_shade,21,Morning,398,59,1610,Dual1_uniform_area,4625007027
Valencia,working,Full,connectors_shade,21,Morning,398,59,1610,Dual1_uniform_area,4625007032
Valencia,working,Full,connectors_shade,21,Morning,398,59,1610,Dual1_uniform_area,4625008004
Valencia,working,Full,connectors_shade,21,Morning,398,59,1610,Dual1_uniform_area,4625008013
Valencia,working,Full,connectors_shade,21,Morning,398,59,1610,Dual1_uniform_area,4625008019
Valencia,working,Full,connectors_shade,21,Morning,398,59,1610,Dual1_uniform_area,4625009010
Valencia,working,Full,connectors_shade,21,Morning,398,59,1610,Dual1_uniform_area,4625009021
Valencia,working,Full,connectors_shade,21,Morning,398,59,1610,Dual1_uniform_area,4625009028
Valencia,working,Full,connectors_shade,21,Morning,398,59,1610,Dual1_uniform_area,4625009030
Valencia,working,Full,connectors_shade,21,Morning,398,59,1610,Dual1_uniform_area,4625009038
Valencia,working,Full,connectors_shade,21,Morning,398,59,1610,Dual1_uniform_area,4625009039
Valencia,working,Full,connectors_shade,21,Morning,398,59,1610,Dual1_uniform_area,4625010017
Valencia,working,Full,connectors_shade,21,Morning,398,59,1610,Dual1_uniform_area,4625010022
Valencia,working,Full,connectors_shade,21,Morning,398,59,1610,Dual1_uniform_area,4625010027
Valencia,working,Full,connectors_shade,21,Morning,398,59,1610,Dual1_uniform_area,4625011005
Valencia,working,Full,connectors_shade,21,Morning,398,59,1610,Dual1_uniform_area,4625011009
Valencia,working,Full,connectors_shade,21,Morning,398,59,1610,Dual1_uniform_area,4625011019
Valencia,working,Full,connectors_shade,21,Morning,398,59,1610,Dual1_uniform_area,4625011021
Valencia,working,Full,connectors_shade,21,Morning,398,59,1610,Dual1_uniform_area,4625011028
Valencia,working,Full,connectors_shade,21,Morning,398,59,1610,Dual1_uniform_area,4625011034
Valencia,working,Full,connectors_shade,21,Morning,398,59,1610,Dual1_uniform_area,4625011037
Valencia,working,Full,connectors_shade,21,Morning,398,59,1610,Dual1_uniform_area,4625011038
Valencia,working,Full,connectors_shade,21,Morning,398,59,1610,Dual1_uniform_area,4625012006
Valencia,working,Full,connectors_shade,21,Morning,398,59,1610,Dual1_uniform_area,4625012013
Valencia,working,Full,connectors_shade,21,Morning,398,59,1610,Dual1_uniform_area,4625012015
Valencia,working,Full,connectors_shade,21,Morning,398,59,1610,Dual1_uniform_area,4625012028
Valencia,working,Full,connectors_shade,21,Morning,398,59,1610,Dual1_uniform_area,4625012030
Valencia,working,Full,connectors_shade,21,Morning,398,59,1610,Dual1_uniform_area,4625012031
Valencia,working,Full,connectors_shade,21,Morning,398,59,1610,Dual1_uniform_area,4625012037
Valencia,working,Full,connectors_shade,21,Morning,398,59,1610,Dual1_uniform_area,4625013002
Valencia,working,Full,connectors_shade,21,Morning,398,59,1610,Dual1_uniform_area,4625013017
Valencia,working,Full,connectors_shade,21,Morning,398,59,1610,Dual1_uniform_area,4625014004
Valencia,working,Full,connectors_shade,21,Morning,398,59,1610,Dual1_uniform_area,4625014010
Valencia,working,Full,connectors_shade,21,Morning,398,59,1610,Dual1_uniform_area,4625014016
Valencia,working,Full,connectors_shade,21,Morning,398,59,1610,Dual1_uniform_area,4625014018
Valencia,working,Full,connectors_shade,21,Morning,398,59,1610,Dual1_uniform_area,4625015029
Valencia,working,Full,connectors_shade,21,Morning,398,59,1610,Dual1_uniform_area,4625016002
Valencia,working,Full,connectors_shade,21,Morning,398,59,1610,Dual1_uniform_area,4625016006
Valencia,working,Full,connectors_shade,21,Morning,398,59,1610,Dual1_uniform_area,4625016014
Valencia,working,Full,connectors_shade,21,Morning,398,59,1610,Dual1_uniform_area,4625016022
Valencia,working,Full,connectors_shade,21,Morning,398,59,1610,Dual1_uniform_area,4625018008
Valencia,working,Full,connectors_shade,21,Morning,398,59,1610,Dual1_uniform_area,4625019003
Valencia,working,Full,connectors_shade,21,Afternoon,398,59,1610,Dual1_regional,4625002003
Valencia,working,Full,connectors_shade,21,Afternoon,398,59,1610,Dual1_regional,4625002033
Valencia,working,Full,connectors_shade,21,Afternoon,398,59,1610,Dual1_regional,4625003027
Valencia,working,Full,connectors_shade,21,Afternoon,398,59,1610,Dual1_regional,4625003037
Valencia,working,Full,connectors_shade,21,Afternoon,398,59,1610,Dual1_regional,4625003046
Valencia,working,Full,connectors_shade,21,Afternoon,398,59,1610,Dual1_regional,4625004006
Valencia,working,Full,connectors_shade,21,Afternoon,398,59,1610,Dual1_regional,4625004007
Valencia,working,Full,connectors_shade,21,Afternoon,398,59,1610,Dual1_regional,4625004011
Valencia,working,Full,connectors_shade,21,Afternoon,398,59,1610,Dual1_regional,4625004017
Valencia,working,Full,connectors_shade,21,Afternoon,398,59,1610,Dual1_regional,4625004021
Valencia,working,Full,connectors_shade,21,Afternoon,398,59,1610,Dual1_regional,4625005005
Valencia,working,Full,connectors_shade,21,Afternoon,398,59,1610,Dual1_regional,4625005027
Valencia,working,Full,connectors_shade,21,Afternoon,398,59,1610,Dual1_regional,4625006008
Valencia,working,Full,connectors_shade,21,Afternoon,398,59,1610,Dual1_regional,4625006015
Valencia,working,Full,connectors_shade,21,Afternoon,398,59,1610,Dual1_regional,4625006017
Valencia,working,Full,connectors_shade,21,Afternoon,398,59,1610,Dual1_regional,4625007016
Valencia,working,Full,connectors_shade,21,Afternoon,398,59,1610,Dual1_regional,4625007017
Valencia,working,Full,connectors_shade,21,Afternoon,398,59,1610,Dual1_regional,4625007027
Valencia,working,Full,connectors_shade,21,Afternoon,398,59,1610,Dual1_regional,4625007030
Valencia,working,Full,connectors_shade,21,Afternoon,398,59,1610,Dual1_regional,4625008013
Valencia,working,Full,connectors_shade,21,Afternoon,398,59,1610,Dual1_regional,4625008014
Valencia,working,Full,connectors_shade,21,Afternoon,398,59,1610,Dual1_regional,4625008018
Valencia,working,Full,connectors_shade,21,Afternoon,398,59,1610,Dual1_regional,4625008026
Valencia,working,Full,connectors_shade,21,Afternoon,398,59,1610,Dual1_regional,4625008037
Valencia,working,Full,connectors_shade,21,Afternoon,398,59,1610,Dual1_regional,4625009010
Valencia,working,Full,connectors_shade,21,Afternoon,398,59,1610,Dual1_regional,4625009019
Valencia,working,Full,connectors_shade,21,Afternoon,398,59,1610,Dual1_regional,4625009021
Valencia,working,Full,connectors_shade,21,Afternoon,398,59,1610,Dual1_regional,4625009028
Valencia,working,Full,connectors_shade,21,Afternoon,398,59,1610,Dual1_regional,4625009030
Valencia,working,Full,connectors_shade,21,Afternoon,398,59,1610,Dual1_regional,4625009038
Valencia,working,Full,connectors_shade,21,Afternoon,398,59,1610,Dual1_regional,4625009039
Valencia,working,Full,connectors_shade,21,Afternoon,398,59,1610,Dual1_regional,4625010017
Valencia,working,Full,connectors_shade,21,Afternoon,398,59,1610,Dual1_regional,4625010022
Valencia,working,Full,connectors_shade,21,Afternoon,398,59,1610,Dual1_regional,4625010024
Valencia,working,Full,connectors_shade,21,Afternoon,398,59,1610,Dual1_regional,4625010026
Valencia,working,Full,connectors_shade,21,Afternoon,398,59,1610,Dual1_regional,4625010048
Valencia,working,Full,connectors_shade,21,Afternoon,398,59,1610,Dual1_regional,4625011021
Valencia,working,Full,connectors_shade,21,Afternoon,398,59,1610,Dual1_regional,4625011026
Valencia,working,Full,connectors_shade,21,Afternoon,398,59,1610,Dual1_regional,4625011028
Valencia,working,Full,connectors_shade,21,Afternoon,398,59,1610,Dual1_regional,4625011034
Valencia,working,Full,connectors_shade,21,Afternoon,398,59,1610,Dual1_regional,4625013002
Valencia,working,Full,connectors_shade,21,Afternoon,398,59,1610,Dual1_regional,4625014001
Valencia,working,Full,connectors_shade,21,Afternoon,398,59,1610,Dual1_regional,4625014019
Valencia,working,Full,connectors_shade,21,Afternoon,398,59,1610,Dual1_regional,4625014021
Valencia,working,Full,connectors_shade,21,Afternoon,398,59,1610,Dual1_regional,4625015018
Valencia,working,Full,connectors_shade,21,Afternoon,398,59,1610,Dual1_regional,4625015021
Valencia,working,Full,connectors_shade,21,Afternoon,398,59,1610,Dual1_regional,4625015023
Valencia,working,Full,connectors_shade,21,Afternoon,398,59,1610,Dual1_regional,4625015024
Valencia,working,Full,connectors_shade,21,Afternoon,398,59,1610,Dual1_regional,4625015030
Valencia,working,Full,connectors_shade,21,Afternoon,398,59,1610,Dual1_regional,4625016002
Valencia,working,Full,connectors_shade,21,Afternoon,398,59,1610,Dual1_regional,4625016006
Valencia,working,Full,connectors_shade,21,Afternoon,398,59,1610,Dual1_regional,4625016015
Valencia,working,Full,connectors_shade,21,Afternoon,398,59,1610,Dual1_regional,4625016016
Valencia,working,Full,connectors_shade,21,Afternoon,398,59,1610,Dual1_regional,4625016019
Valencia,working,Full,connectors_shade,21,Afternoon,398,59,1610,Dual1_regional,4625018005
Valencia,working,Full,connectors_shade,21,Afternoon,398,59,1610,Dual1_regional,4625018006
Valencia,working,Full,connectors_shade,21,Afternoon,398,59,1610,Dual1_regional,4625018008
Valencia,working,Full,connectors_shade,21,Afternoon,398,59,1610,Dual1_regional,4625018009
Valencia,working,Full,connectors_shade,21,Afternoon,398,59,1610,Dual1_regional,4625019003
Valencia,working,Full,connectors_shade,21,Afternoon,398,59,1610,Dual1_uniform_area,4625002003
Valencia,working,Full,connectors_shade,21,Afternoon,398,59,1610,Dual1_uniform_area,4625002033
Valencia,working,Full,connectors_shade,21,Afternoon,398,59,1610,Dual1_uniform_area,4625003027
Valencia,working,Full,connectors_shade,21,Afternoon,398,59,1610,Dual1_uniform_area,4625003037
Valencia,working,Full,connectors_shade,21,Afternoon,398,59,1610,Dual1_uniform_area,4625003046
Valencia,working,Full,connectors_shade,21,Afternoon,398,59,1610,Dual1_uniform_area,4625004005
Valencia,working,Full,connectors_shade,21,Afternoon,398,59,1610,Dual1_uniform_area,4625004006
Valencia,working,Full,connectors_shade,21,Afternoon,398,59,1610,Dual1_uniform_area,4625004007
Valencia,working,Full,connectors_shade,21,Afternoon,398,59,1610,Dual1_uniform_area,4625004011
Valencia,working,Full,connectors_shade,21,Afternoon,398,59,1610,Dual1_uniform_area,4625004017
Valencia,working,Full,connectors_shade,21,Afternoon,398,59,1610,Dual1_uniform_area,4625004021
Valencia,working,Full,connectors_shade,21,Afternoon,398,59,1610,Dual1_uniform_area,4625005005
Valencia,working,Full,connectors_shade,21,Afternoon,398,59,1610,Dual1_uniform_area,4625005021
Valencia,working,Full,connectors_shade,21,Afternoon,398,59,1610,Dual1_uniform_area,4625005027
Valencia,working,Full,connectors_shade,21,Afternoon,398,59,1610,Dual1_uniform_area,4625006008
Valencia,working,Full,connectors_shade,21,Afternoon,398,59,1610,Dual1_uniform_area,4625006017
Valencia,working,Full,connectors_shade,21,Afternoon,398,59,1610,Dual1_uniform_area,4625007016
Valencia,working,Full,connectors_shade,21,Afternoon,398,59,1610,Dual1_uniform_area,4625007017
Valencia,working,Full,connectors_shade,21,Afternoon,398,59,1610,Dual1_uniform_area,4625007027
Valencia,working,Full,connectors_shade,21,Afternoon,398,59,1610,Dual1_uniform_area,4625007030
Valencia,working,Full,connectors_shade,21,Afternoon,398,59,1610,Dual1_uniform_area,4625008013
Valencia,working,Full,connectors_shade,21,Afternoon,398,59,1610,Dual1_uniform_area,4625008014
Valencia,working,Full,connectors_shade,21,Afternoon,398,59,1610,Dual1_uniform_area,4625008018
Valencia,working,Full,connectors_shade,21,Afternoon,398,59,1610,Dual1_uniform_area,4625008026
Valencia,working,Full,connectors_shade,21,Afternoon,398,59,1610,Dual1_uniform_area,4625008037
Valencia,working,Full,connectors_shade,21,Afternoon,398,59,1610,Dual1_uniform_area,4625009010
Valencia,working,Full,connectors_shade,21,Afternoon,398,59,1610,Dual1_uniform_area,4625009019
Valencia,working,Full,connectors_shade,21,Afternoon,398,59,1610,Dual1_uniform_area,4625009028
Valencia,working,Full,connectors_shade,21,Afternoon,398,59,1610,Dual1_uniform_area,4625009038
Valencia,working,Full,connectors_shade,21,Afternoon,398,59,1610,Dual1_uniform_area,4625009039
Valencia,working,Full,connectors_shade,21,Afternoon,398,59,1610,Dual1_uniform_area,4625010001
Valencia,working,Full,connectors_shade,21,Afternoon,398,59,1610,Dual1_uniform_area,4625010017
Valencia,working,Full,connectors_shade,21,Afternoon,398,59,1610,Dual1_uniform_area,4625010022
Valencia,working,Full,connectors_shade,21,Afternoon,398,59,1610,Dual1_uniform_area,4625010024
Valencia,working,Full,connectors_shade,21,Afternoon,398,59,1610,Dual1_uniform_area,4625010026
Valencia,working,Full,connectors_shade,21,Afternoon,398,59,1610,Dual1_uniform_area,4625011021
Valencia,working,Full,connectors_shade,21,Afternoon,398,59,1610,Dual1_uniform_area,4625011026
Valencia,working,Full,connectors_shade,21,Afternoon,398,59,1610,Dual1_uniform_area,4625011028
Valencia,working,Full,connectors_shade,21,Afternoon,398,59,1610,Dual1_uniform_area,4625011034
Valencia,working,Full,connectors_shade,21,Afternoon,398,59,1610,Dual1_uniform_area,4625012015
Valencia,working,Full,connectors_shade,21,Afternoon,398,59,1610,Dual1_uniform_area,4625013002
Valencia,working,Full,connectors_shade,21,Afternoon,398,59,1610,Dual1_uniform_area,4625014001
Valencia,working,Full,connectors_shade,21,Afternoon,398,59,1610,Dual1_uniform_area,4625014019
Valencia,working,Full,connectors_shade,21,Afternoon,398,59,1610,Dual1_uniform_area,4625014021
Valencia,working,Full,connectors_shade,21,Afternoon,398,59,1610,Dual1_uniform_area,4625015018
Valencia,working,Full,connectors_shade,21,Afternoon,398,59,1610,Dual1_uniform_area,4625015021
Valencia,working,Full,connectors_shade,21,Afternoon,398,59,1610,Dual1_uniform_area,4625015023
Valencia,working,Full,connectors_shade,21,Afternoon,398,59,1610,Dual1_uniform_area,4625015024
Valencia,working,Full,connectors_shade,21,Afternoon,398,59,1610,Dual1_uniform_area,4625015030
Valencia,working,Full,connectors_shade,21,Afternoon,398,59,1610,Dual1_uniform_area,4625016002
Valencia,working,Full,connectors_shade,21,Afternoon,398,59,1610,Dual1_uniform_area,4625016006
Valencia,working,Full,connectors_shade,21,Afternoon,398,59,1610,Dual1_uniform_area,4625016015
Valencia,working,Full,connectors_shade,21,Afternoon,398,59,1610,Dual1_uniform_area,4625016016
Valencia,working,Full,connectors_shade,21,Afternoon,398,59,1610,Dual1_uniform_area,4625016019
Valencia,working,Full,connectors_shade,21,Afternoon,398,59,1610,Dual1_uniform_area,4625018005
Valencia,working,Full,connectors_shade,21,Afternoon,398,59,1610,Dual1_uniform_area,4625018006
Valencia,working,Full,connectors_shade,21,Afternoon,398,59,1610,Dual1_uniform_area,4625018008
Valencia,working,Full,connectors_shade,21,Afternoon,398,59,1610,Dual1_uniform_area,4625018009
Valencia,working,Full,connectors_shade,21,Afternoon,398,59,1610,Dual1_uniform_area,4625019003
Valencia,working,Full,connectors_sun,21,Morning,398,59,1610,Dual1_regional,4625002003
Valencia,working,Full,connectors_sun,21,Morning,398,59,1610,Dual1_regional,4625002013
Valencia,working,Full,connectors_sun,21,Morning,398,59,1610,Dual1_regional,4625003033
Valencia,working,Full,connectors_sun,21,Morning,398,59,1610,Dual1_regional,4625003034
Valencia,working,Full,connectors_sun,21,Morning,398,59,1610,Dual1_regional,4625003037
Valencia,working,Full,connectors_sun,21,Morning,398,59,1610,Dual1_regional,4625003046
Valencia,working,Full,connectors_sun,21,Morning,398,59,1610,Dual1_regional,4625003047
Valencia,working,Full,connectors_sun,21,Morning,398,59,1610,Dual1_regional,4625004005
Valencia,working,Full,connectors_sun,21,Morning,398,59,1610,Dual1_regional,4625004016
Valencia,working,Full,connectors_sun,21,Morning,398,59,1610,Dual1_regional,4625004017
Valencia,working,Full,connectors_sun,21,Morning,398,59,1610,Dual1_regional,4625004022
Valencia,working,Full,connectors_sun,21,Morning,398,59,1610,Dual1_regional,4625005005
Valencia,working,Full,connectors_sun,21,Morning,398,59,1610,Dual1_regional,4625005021
Valencia,working,Full,connectors_sun,21,Morning,398,59,1610,Dual1_regional,4625006015
Valencia,working,Full,connectors_sun,21,Morning,398,59,1610,Dual1_regional,4625007017
Valencia,working,Full,connectors_sun,21,Morning,398,59,1610,Dual1_regional,4625007027
Valencia,working,Full,connectors_sun,21,Morning,398,59,1610,Dual1_regional,4625007032
Valencia,working,Full,connectors_sun,21,Morning,398,59,1610,Dual1_regional,4625008007
Valencia,working,Full,connectors_sun,21,Morning,398,59,1610,Dual1_regional,4625008026
Valencia,working,Full,connectors_sun,21,Morning,398,59,1610,Dual1_regional,4625008036
Valencia,working,Full,connectors_sun,21,Morning,398,59,1610,Dual1_regional,4625008037
Valencia,working,Full,connectors_sun,21,Morning,398,59,1610,Dual1_regional,4625009003
Valencia,working,Full,connectors_sun,21,Morning,398,59,1610,Dual1_regional,4625009010
Valencia,working,Full,connectors_sun,21,Morning,398,59,1610,Dual1_regional,4625009019
Valencia,working,Full,connectors_sun,21,Morning,398,59,1610,Dual1_regional,4625009021
Valencia,working,Full,connectors_sun,21,Morning,398,59,1610,Dual1_regional,4625009030
Valencia,working,Full,connectors_sun,21,Morning,398,59,1610,Dual1_regional,4625009038
Valencia,working,Full,connectors_sun,21,Morning,398,59,1610,Dual1_regional,4625009039
Valencia,working,Full,connectors_sun,21,Morning,398,59,1610,Dual1_regional,4625010010
Valencia,working,Full,connectors_sun,21,Morning,398,59,1610,Dual1_regional,4625010017
Valencia,working,Full,connectors_sun,21,Morning,398,59,1610,Dual1_regional,4625010022
Valencia,working,Full,connectors_sun,21,Morning,398,59,1610,Dual1_regional,4625010028
Valencia,working,Full,connectors_sun,21,Morning,398,59,1610,Dual1_regional,4625010045
Valencia,working,Full,connectors_sun,21,Morning,398,59,1610,Dual1_regional,4625011009
Valencia,working,Full,connectors_sun,21,Morning,398,59,1610,Dual1_regional,4625011021
Valencia,working,Full,connectors_sun,21,Morning,398,59,1610,Dual1_regional,4625011034
Valencia,working,Full,connectors_sun,21,Morning,398,59,1610,Dual1_regional,4625011038
Valencia,working,Full,connectors_sun,21,Morning,398,59,1610,Dual1_regional,4625011047
Valencia,working,Full,connectors_sun,21,Morning,398,59,1610,Dual1_regional,4625012013
Valencia,working,Full,connectors_sun,21,Morning,398,59,1610,Dual1_regional,4625012028
Valencia,working,Full,connectors_sun,21,Morning,398,59,1610,Dual1_regional,4625012030
Valencia,working,Full,connectors_sun,21,Morning,398,59,1610,Dual1_regional,4625012031
Valencia,working,Full,connectors_sun,21,Morning,398,59,1610,Dual1_regional,4625012033
Valencia,working,Full,connectors_sun,21,Morning,398,59,1610,Dual1_regional,4625012037
Valencia,working,Full,connectors_sun,21,Morning,398,59,1610,Dual1_regional,4625013002
Valencia,working,Full,connectors_sun,21,Morning,398,59,1610,Dual1_regional,4625014004
Valencia,working,Full,connectors_sun,21,Morning,398,59,1610,Dual1_regional,4625014010
Valencia,working,Full,connectors_sun,21,Morning,398,59,1610,Dual1_regional,4625014022
Valencia,working,Full,connectors_sun,21,Morning,398,59,1610,Dual1_regional,4625015013
Valencia,working,Full,connectors_sun,21,Morning,398,59,1610,Dual1_regional,4625015016
Valencia,working,Full,connectors_sun,21,Morning,398,59,1610,Dual1_regional,4625015029
Valencia,working,Full,connectors_sun,21,Morning,398,59,1610,Dual1_regional,4625016002
Valencia,working,Full,connectors_sun,21,Morning,398,59,1610,Dual1_regional,4625016016
Valencia,working,Full,connectors_sun,21,Morning,398,59,1610,Dual1_regional,4625016022
Valencia,working,Full,connectors_sun,21,Morning,398,59,1610,Dual1_regional,4625016024
Valencia,working,Full,connectors_sun,21,Morning,398,59,1610,Dual1_regional,4625018008
Valencia,working,Full,connectors_sun,21,Morning,398,59,1610,Dual1_regional,4625018009
Valencia,working,Full,connectors_sun,21,Morning,398,59,1610,Dual1_regional,4625019003
Valencia,working,Full,connectors_sun,21,Morning,398,59,1610,Dual1_regional,4625019004
Valencia,working,Full,connectors_sun,21,Morning,398,59,1610,Dual1_uniform_area,4625002003
Valencia,working,Full,connectors_sun,21,Morning,398,59,1610,Dual1_uniform_area,4625002013
Valencia,working,Full,connectors_sun,21,Morning,398,59,1610,Dual1_uniform_area,4625003033
Valencia,working,Full,connectors_sun,21,Morning,398,59,1610,Dual1_uniform_area,4625003034
Valencia,working,Full,connectors_sun,21,Morning,398,59,1610,Dual1_uniform_area,4625003037
Valencia,working,Full,connectors_sun,21,Morning,398,59,1610,Dual1_uniform_area,4625003046
Valencia,working,Full,connectors_sun,21,Morning,398,59,1610,Dual1_uniform_area,4625003047
Valencia,working,Full,connectors_sun,21,Morning,398,59,1610,Dual1_uniform_area,4625004001
Valencia,working,Full,connectors_sun,21,Morning,398,59,1610,Dual1_uniform_area,4625004005
Valencia,working,Full,connectors_sun,21,Morning,398,59,1610,Dual1_uniform_area,4625004016
Valencia,working,Full,connectors_sun,21,Morning,398,59,1610,Dual1_uniform_area,4625004017
Valencia,working,Full,connectors_sun,21,Morning,398,59,1610,Dual1_uniform_area,4625004022
Valencia,working,Full,connectors_sun,21,Morning,398,59,1610,Dual1_uniform_area,4625005005
Valencia,working,Full,connectors_sun,21,Morning,398,59,1610,Dual1_uniform_area,4625005021
Valencia,working,Full,connectors_sun,21,Morning,398,59,1610,Dual1_uniform_area,4625006015
Valencia,working,Full,connectors_sun,21,Morning,398,59,1610,Dual1_uniform_area,4625007017
Valencia,working,Full,connectors_sun,21,Morning,398,59,1610,Dual1_uniform_area,4625007027
Valencia,working,Full,connectors_sun,21,Morning,398,59,1610,Dual1_uniform_area,4625007032
Valencia,working,Full,connectors_sun,21,Morning,398,59,1610,Dual1_uniform_area,4625008007
Valencia,working,Full,connectors_sun,21,Morning,398,59,1610,Dual1_uniform_area,4625008025
Valencia,working,Full,connectors_sun,21,Morning,398,59,1610,Dual1_uniform_area,4625008026
Valencia,working,Full,connectors_sun,21,Morning,398,59,1610,Dual1_uniform_area,4625008036
Valencia,working,Full,connectors_sun,21,Morning,398,59,1610,Dual1_uniform_area,4625008037
Valencia,working,Full,connectors_sun,21,Morning,398,59,1610,Dual1_uniform_area,4625009003
Valencia,working,Full,connectors_sun,21,Morning,398,59,1610,Dual1_uniform_area,4625009010
Valencia,working,Full,connectors_sun,21,Morning,398,59,1610,Dual1_uniform_area,4625009021
Valencia,working,Full,connectors_sun,21,Morning,398,59,1610,Dual1_uniform_area,4625009030
Valencia,working,Full,connectors_sun,21,Morning,398,59,1610,Dual1_uniform_area,4625009038
Valencia,working,Full,connectors_sun,21,Morning,398,59,1610,Dual1_uniform_area,4625009039
Valencia,working,Full,connectors_sun,21,Morning,398,59,1610,Dual1_uniform_area,4625010010
Valencia,working,Full,connectors_sun,21,Morning,398,59,1610,Dual1_uniform_area,4625010017
Valencia,working,Full,connectors_sun,21,Morning,398,59,1610,Dual1_uniform_area,4625010022
Valencia,working,Full,connectors_sun,21,Morning,398,59,1610,Dual1_uniform_area,4625010028
Valencia,working,Full,connectors_sun,21,Morning,398,59,1610,Dual1_uniform_area,4625010045
Valencia,working,Full,connectors_sun,21,Morning,398,59,1610,Dual1_uniform_area,4625011009
Valencia,working,Full,connectors_sun,21,Morning,398,59,1610,Dual1_uniform_area,4625011021
Valencia,working,Full,connectors_sun,21,Morning,398,59,1610,Dual1_uniform_area,4625011034
Valencia,working,Full,connectors_sun,21,Morning,398,59,1610,Dual1_uniform_area,4625011038
Valencia,working,Full,connectors_sun,21,Morning,398,59,1610,Dual1_uniform_area,4625011047
Valencia,working,Full,connectors_sun,21,Morning,398,59,1610,Dual1_uniform_area,4625012013
Valencia,working,Full,connectors_sun,21,Morning,398,59,1610,Dual1_uniform_area,4625012028
Valencia,working,Full,connectors_sun,21,Morning,398,59,1610,Dual1_uniform_area,4625012030
Valencia,working,Full,connectors_sun,21,Morning,398,59,1610,Dual1_uniform_area,4625012031
Valencia,working,Full,connectors_sun,21,Morning,398,59,1610,Dual1_uniform_area,4625012033
Valencia,working,Full,connectors_sun,21,Morning,398,59,1610,Dual1_uniform_area,4625012037
Valencia,working,Full,connectors_sun,21,Morning,398,59,1610,Dual1_uniform_area,4625013002
Valencia,working,Full,connectors_sun,21,Morning,398,59,1610,Dual1_uniform_area,4625014010
Valencia,working,Full,connectors_sun,21,Morning,398,59,1610,Dual1_uniform_area,4625014022
Valencia,working,Full,connectors_sun,21,Morning,398,59,1610,Dual1_uniform_area,4625015013
Valencia,working,Full,connectors_sun,21,Morning,398,59,1610,Dual1_uniform_area,4625015015
Valencia,working,Full,connectors_sun,21,Morning,398,59,1610,Dual1_uniform_area,4625015029
Valencia,working,Full,connectors_sun,21,Morning,398,59,1610,Dual1_uniform_area,4625016002
Valencia,working,Full,connectors_sun,21,Morning,398,59,1610,Dual1_uniform_area,4625016016
Valencia,working,Full,connectors_sun,21,Morning,398,59,1610,Dual1_uniform_area,4625016022
Valencia,working,Full,connectors_sun,21,Morning,398,59,1610,Dual1_uniform_area,4625016024
Valencia,working,Full,connectors_sun,21,Morning,398,59,1610,Dual1_uniform_area,4625018008
Valencia,working,Full,connectors_sun,21,Morning,398,59,1610,Dual1_uniform_area,4625018009
Valencia,working,Full,connectors_sun,21,Morning,398,59,1610,Dual1_uniform_area,4625019003
Valencia,working,Full,connectors_sun,21,Morning,398,59,1610,Dual1_uniform_area,4625019004
Valencia,working,Full,connectors_sun,21,Afternoon,398,59,1610,Dual1_regional,4625001005
Valencia,working,Full,connectors_sun,21,Afternoon,398,59,1610,Dual1_regional,4625002003
Valencia,working,Full,connectors_sun,21,Afternoon,398,59,1610,Dual1_regional,4625002008
Valencia,working,Full,connectors_sun,21,Afternoon,398,59,1610,Dual1_regional,4625002014
Valencia,working,Full,connectors_sun,21,Afternoon,398,59,1610,Dual1_regional,4625003027
Valencia,working,Full,connectors_sun,21,Afternoon,398,59,1610,Dual1_regional,4625003037
Valencia,working,Full,connectors_sun,21,Afternoon,398,59,1610,Dual1_regional,4625003046
Valencia,working,Full,connectors_sun,21,Afternoon,398,59,1610,Dual1_regional,4625004001
Valencia,working,Full,connectors_sun,21,Afternoon,398,59,1610,Dual1_regional,4625004007
Valencia,working,Full,connectors_sun,21,Afternoon,398,59,1610,Dual1_regional,4625004016
Valencia,working,Full,connectors_sun,21,Afternoon,398,59,1610,Dual1_regional,4625004017
Valencia,working,Full,connectors_sun,21,Afternoon,398,59,1610,Dual1_regional,4625004020
Valencia,working,Full,connectors_sun,21,Afternoon,398,59,1610,Dual1_regional,4625005005
Valencia,working,Full,connectors_sun,21,Afternoon,398,59,1610,Dual1_regional,4625005021
Valencia,working,Full,connectors_sun,21,Afternoon,398,59,1610,Dual1_regional,4625006015
Valencia,working,Full,connectors_sun,21,Afternoon,398,59,1610,Dual1_regional,4625007012
Valencia,working,Full,connectors_sun,21,Afternoon,398,59,1610,Dual1_regional,4625007016
Valencia,working,Full,connectors_sun,21,Afternoon,398,59,1610,Dual1_regional,4625007017
Valencia,working,Full,connectors_sun,21,Afternoon,398,59,1610,Dual1_regional,4625007027
Valencia,working,Full,connectors_sun,21,Afternoon,398,59,1610,Dual1_regional,4625008004
Valencia,working,Full,connectors_sun,21,Afternoon,398,59,1610,Dual1_regional,4625008025
Valencia,working,Full,connectors_sun,21,Afternoon,398,59,1610,Dual1_regional,4625008026
Valencia,working,Full,connectors_sun,21,Afternoon,398,59,1610,Dual1_regional,4625008037
Valencia,working,Full,connectors_sun,21,Afternoon,398,59,1610,Dual1_regional,4625009019
Valencia,working,Full,connectors_sun,21,Afternoon,398,59,1610,Dual1_regional,4625009028
Valencia,working,Full,connectors_sun,21,Afternoon,398,59,1610,Dual1_regional,4625009030
Valencia,working,Full,connectors_sun,21,Afternoon,398,59,1610,Dual1_regional,4625009038
Valencia,working,Full,connectors_sun,21,Afternoon,398,59,1610,Dual1_regional,4625009039
Valencia,working,Full,connectors_sun,21,Afternoon,398,59,1610,Dual1_regional,4625010010
Valencia,working,Full,connectors_sun,21,Afternoon,398,59,1610,Dual1_regional,4625010017
Valencia,working,Full,connectors_sun,21,Afternoon,398,59,1610,Dual1_regional,4625010024
Valencia,working,Full,connectors_sun,21,Afternoon,398,59,1610,Dual1_regional,4625011021
Valencia,working,Full,connectors_sun,21,Afternoon,398,59,1610,Dual1_regional,4625011026
Valencia,working,Full,connectors_sun,21,Afternoon,398,59,1610,Dual1_regional,4625011028
Valencia,working,Full,connectors_sun,21,Afternoon,398,59,1610,Dual1_regional,4625011034
Valencia,working,Full,connectors_sun,21,Afternoon,398,59,1610,Dual1_regional,4625011047
Valencia,working,Full,connectors_sun,21,Afternoon,398,59,1610,Dual1_regional,4625012006
Valencia,working,Full,connectors_sun,21,Afternoon,398,59,1610,Dual1_regional,4625012027
Valencia,working,Full,connectors_sun,21,Afternoon,398,59,1610,Dual1_regional,4625012028
Valencia,working,Full,connectors_sun,21,Afternoon,398,59,1610,Dual1_regional,4625012030
Valencia,working,Full,connectors_sun,21,Afternoon,398,59,1610,Dual1_regional,4625012031
Valencia,working,Full,connectors_sun,21,Afternoon,398,59,1610,Dual1_regional,4625012033
Valencia,working,Full,connectors_sun,21,Afternoon,398,59,1610,Dual1_regional,4625013002
Valencia,working,Full,connectors_sun,21,Afternoon,398,59,1610,Dual1_regional,4625013019
Valencia,working,Full,connectors_sun,21,Afternoon,398,59,1610,Dual1_regional,4625014001
Valencia,working,Full,connectors_sun,21,Afternoon,398,59,1610,Dual1_regional,4625014019
Valencia,working,Full,connectors_sun,21,Afternoon,398,59,1610,Dual1_regional,4625015018
Valencia,working,Full,connectors_sun,21,Afternoon,398,59,1610,Dual1_regional,4625015024
Valencia,working,Full,connectors_sun,21,Afternoon,398,59,1610,Dual1_regional,4625015030
Valencia,working,Full,connectors_sun,21,Afternoon,398,59,1610,Dual1_regional,4625016002
Valencia,working,Full,connectors_sun,21,Afternoon,398,59,1610,Dual1_regional,4625016006
Valencia,working,Full,connectors_sun,21,Afternoon,398,59,1610,Dual1_regional,4625016016
Valencia,working,Full,connectors_sun,21,Afternoon,398,59,1610,Dual1_regional,4625016019
Valencia,working,Full,connectors_sun,21,Afternoon,398,59,1610,Dual1_regional,4625016024
Valencia,working,Full,connectors_sun,21,Afternoon,398,59,1610,Dual1_regional,4625016031
Valencia,working,Full,connectors_sun,21,Afternoon,398,59,1610,Dual1_regional,4625018005
Valencia,working,Full,connectors_sun,21,Afternoon,398,59,1610,Dual1_regional,4625018008
Valencia,working,Full,connectors_sun,21,Afternoon,398,59,1610,Dual1_regional,4625018009
Valencia,working,Full,connectors_sun,21,Afternoon,398,59,1610,Dual1_regional,4625019003
Valencia,working,Full,connectors_sun,21,Afternoon,398,59,1610,Dual1_uniform_area,4625001005
Valencia,working,Full,connectors_sun,21,Afternoon,398,59,1610,Dual1_uniform_area,4625002003
Valencia,working,Full,connectors_sun,21,Afternoon,398,59,1610,Dual1_uniform_area,4625002008
Valencia,working,Full,connectors_sun,21,Afternoon,398,59,1610,Dual1_uniform_area,4625002014
Valencia,working,Full,connectors_sun,21,Afternoon,398,59,1610,Dual1_uniform_area,4625003027
Valencia,working,Full,connectors_sun,21,Afternoon,398,59,1610,Dual1_uniform_area,4625003037
Valencia,working,Full,connectors_sun,21,Afternoon,398,59,1610,Dual1_uniform_area,4625003046
Valencia,working,Full,connectors_sun,21,Afternoon,398,59,1610,Dual1_uniform_area,4625004001
Valencia,working,Full,connectors_sun,21,Afternoon,398,59,1610,Dual1_uniform_area,4625004007
Valencia,working,Full,connectors_sun,21,Afternoon,398,59,1610,Dual1_uniform_area,4625004016
Valencia,working,Full,connectors_sun,21,Afternoon,398,59,1610,Dual1_uniform_area,4625004017
Valencia,working,Full,connectors_sun,21,Afternoon,398,59,1610,Dual1_uniform_area,4625004020
Valencia,working,Full,connectors_sun,21,Afternoon,398,59,1610,Dual1_uniform_area,4625005005
Valencia,working,Full,connectors_sun,21,Afternoon,398,59,1610,Dual1_uniform_area,4625005021
Valencia,working,Full,connectors_sun,21,Afternoon,398,59,1610,Dual1_uniform_area,4625006015
Valencia,working,Full,connectors_sun,21,Afternoon,398,59,1610,Dual1_uniform_area,4625007012
Valencia,working,Full,connectors_sun,21,Afternoon,398,59,1610,Dual1_uniform_area,4625007016
Valencia,working,Full,connectors_sun,21,Afternoon,398,59,1610,Dual1_uniform_area,4625007017
Valencia,working,Full,connectors_sun,21,Afternoon,398,59,1610,Dual1_uniform_area,4625007027
Valencia,working,Full,connectors_sun,21,Afternoon,398,59,1610,Dual1_uniform_area,4625008004
Valencia,working,Full,connectors_sun,21,Afternoon,398,59,1610,Dual1_uniform_area,4625008025
Valencia,working,Full,connectors_sun,21,Afternoon,398,59,1610,Dual1_uniform_area,4625008026
Valencia,working,Full,connectors_sun,21,Afternoon,398,59,1610,Dual1_uniform_area,4625008037
Valencia,working,Full,connectors_sun,21,Afternoon,398,59,1610,Dual1_uniform_area,4625009019
Valencia,working,Full,connectors_sun,21,Afternoon,398,59,1610,Dual1_uniform_area,4625009028
Valencia,working,Full,connectors_sun,21,Afternoon,398,59,1610,Dual1_uniform_area,4625009030
Valencia,working,Full,connectors_sun,21,Afternoon,398,59,1610,Dual1_uniform_area,4625009038
Valencia,working,Full,connectors_sun,21,Afternoon,398,59,1610,Dual1_uniform_area,4625009039
Valencia,working,Full,connectors_sun,21,Afternoon,398,59,1610,Dual1_uniform_area,4625010010
Valencia,working,Full,connectors_sun,21,Afternoon,398,59,1610,Dual1_uniform_area,4625010017
Valencia,working,Full,connectors_sun,21,Afternoon,398,59,1610,Dual1_uniform_area,4625010024
Valencia,working,Full,connectors_sun,21,Afternoon,398,59,1610,Dual1_uniform_area,4625011021
Valencia,working,Full,connectors_sun,21,Afternoon,398,59,1610,Dual1_uniform_area,4625011026
Valencia,working,Full,connectors_sun,21,Afternoon,398,59,1610,Dual1_uniform_area,4625011028
Valencia,working,Full,connectors_sun,21,Afternoon,398,59,1610,Dual1_uniform_area,4625011034
Valencia,working,Full,connectors_sun,21,Afternoon,398,59,1610,Dual1_uniform_area,4625011047
Valencia,working,Full,connectors_sun,21,Afternoon,398,59,1610,Dual1_uniform_area,4625012006
Valencia,working,Full,connectors_sun,21,Afternoon,398,59,1610,Dual1_uniform_area,4625012013
Valencia,working,Full,connectors_sun,21,Afternoon,398,59,1610,Dual1_uniform_area,4625012027
Valencia,working,Full,connectors_sun,21,Afternoon,398,59,1610,Dual1_uniform_area,4625012028
Valencia,working,Full,connectors_sun,21,Afternoon,398,59,1610,Dual1_uniform_area,4625012030
Valencia,working,Full,connectors_sun,21,Afternoon,398,59,1610,Dual1_uniform_area,4625012031
Valencia,working,Full,connectors_sun,21,Afternoon,398,59,1610,Dual1_uniform_area,4625012033
Valencia,working,Full,connectors_sun,21,Afternoon,398,59,1610,Dual1_uniform_area,4625013002
Valencia,working,Full,connectors_sun,21,Afternoon,398,59,1610,Dual1_uniform_area,4625013019
Valencia,working,Full,connectors_sun,21,Afternoon,398,59,1610,Dual1_uniform_area,4625014001
Valencia,working,Full,connectors_sun,21,Afternoon,398,59,1610,Dual1_uniform_area,4625014019
Valencia,working,Full,connectors_sun,21,Afternoon,398,59,1610,Dual1_uniform_area,4625015018
Valencia,working,Full,connectors_sun,21,Afternoon,398,59,1610,Dual1_uniform_area,4625015024
Valencia,working,Full,connectors_sun,21,Afternoon,398,59,1610,Dual1_uniform_area,4625016002
Valencia,working,Full,connectors_sun,21,Afternoon,398,59,1610,Dual1_uniform_area,4625016006
Valencia,working,Full,connectors_sun,21,Afternoon,398,59,1610,Dual1_uniform_area,4625016016
Valencia,working,Full,connectors_sun,21,Afternoon,398,59,1610,Dual1_uniform_area,4625016019
Valencia,working,Full,connectors_sun,21,Afternoon,398,59,1610,Dual1_uniform_area,4625016024
Valencia,working,Full,connectors_sun,21,Afternoon,398,59,1610,Dual1_uniform_area,4625018005
Valencia,working,Full,connectors_sun,21,Afternoon,398,59,1610,Dual1_uniform_area,4625018006
Valencia,working,Full,connectors_sun,21,Afternoon,398,59,1610,Dual1_uniform_area,4625018008
Valencia,working,Full,connectors_sun,21,Afternoon,398,59,1610,Dual1_uniform_area,4625018009
Valencia,working,Full,connectors_sun,21,Afternoon,398,59,1610,Dual1_uniform_area,4625019003
Valencia,working,Full,network,21,Morning,442,66,1610,Dual1_regional,4625002003
Valencia,working,Full,network,21,Morning,442,66,1610,Dual1_regional,4625002016
Valencia,working,Full,network,21,Morning,442,66,1610,Dual1_regional,4625002045
Valencia,working,Full,network,21,Morning,442,66,1610,Dual1_regional,4625003021
Valencia,working,Full,network,21,Morning,442,66,1610,Dual1_regional,4625003023
Valencia,working,Full,network,21,Morning,442,66,1610,Dual1_regional,4625003027
Valencia,working,Full,network,21,Morning,442,66,1610,Dual1_regional,4625003033
Valencia,working,Full,network,21,Morning,442,66,1610,Dual1_regional,4625003037
Valencia,working,Full,network,21,Morning,442,66,1610,Dual1_regional,4625003047
Valencia,working,Full,network,21,Morning,442,66,1610,Dual1_regional,4625004003
Valencia,working,Full,network,21,Morning,442,66,1610,Dual1_regional,4625004004
Valencia,working,Full,network,21,Morning,442,66,1610,Dual1_regional,4625004005
Valencia,working,Full,network,21,Morning,442,66,1610,Dual1_regional,4625004017
Valencia,working,Full,network,21,Morning,442,66,1610,Dual1_regional,4625004022
Valencia,working,Full,network,21,Morning,442,66,1610,Dual1_regional,4625004024
Valencia,working,Full,network,21,Morning,442,66,1610,Dual1_regional,4625005005
Valencia,working,Full,network,21,Morning,442,66,1610,Dual1_regional,4625005021
Valencia,working,Full,network,21,Morning,442,66,1610,Dual1_regional,4625006023
Valencia,working,Full,network,21,Morning,442,66,1610,Dual1_regional,4625007010
Valencia,working,Full,network,21,Morning,442,66,1610,Dual1_regional,4625007016
Valencia,working,Full,network,21,Morning,442,66,1610,Dual1_regional,4625007024
Valencia,working,Full,network,21,Morning,442,66,1610,Dual1_regional,4625007027
Valencia,working,Full,network,21,Morning,442,66,1610,Dual1_regional,4625007032
Valencia,working,Full,network,21,Morning,442,66,1610,Dual1_regional,4625008001
Valencia,working,Full,network,21,Morning,442,66,1610,Dual1_regional,4625008026
Valencia,working,Full,network,21,Morning,442,66,1610,Dual1_regional,4625009010
Valencia,working,Full,network,21,Morning,442,66,1610,Dual1_regional,4625009021
Valencia,working,Full,network,21,Morning,442,66,1610,Dual1_regional,4625009028
Valencia,working,Full,network,21,Morning,442,66,1610,Dual1_regional,4625009030
Valencia,working,Full,network,21,Morning,442,66,1610,Dual1_regional,4625009038
Valencia,working,Full,network,21,Morning,442,66,1610,Dual1_regional,4625009039
Valencia,working,Full,network,21,Morning,442,66,1610,Dual1_regional,4625010025
Valencia,working,Full,network,21,Morning,442,66,1610,Dual1_regional,4625010027
Valencia,working,Full,network,21,Morning,442,66,1610,Dual1_regional,4625010029
Valencia,working,Full,network,21,Morning,442,66,1610,Dual1_regional,4625010040
Valencia,working,Full,network,21,Morning,442,66,1610,Dual1_regional,4625011005
Valencia,working,Full,network,21,Morning,442,66,1610,Dual1_regional,4625011009
Valencia,working,Full,network,21,Morning,442,66,1610,Dual1_regional,4625011019
Valencia,working,Full,network,21,Morning,442,66,1610,Dual1_regional,4625011028
Valencia,working,Full,network,21,Morning,442,66,1610,Dual1_regional,4625011030
Valencia,working,Full,network,21,Morning,442,66,1610,Dual1_regional,4625011031
Valencia,working,Full,network,21,Morning,442,66,1610,Dual1_regional,4625011034
Valencia,working,Full,network,21,Morning,442,66,1610,Dual1_regional,4625011038
Valencia,working,Full,network,21,Morning,442,66,1610,Dual1_regional,4625011045
Valencia,working,Full,network,21,Morning,442,66,1610,Dual1_regional,4625011053
Valencia,working,Full,network,21,Morning,442,66,1610,Dual1_regional,4625012006
Valencia,working,Full,network,21,Morning,442,66,1610,Dual1_regional,4625012013
Valencia,working,Full,network,21,Morning,442,66,1610,Dual1_regional,4625012014
Valencia,working,Full,network,21,Morning,442,66,1610,Dual1_regional,4625012026
Valencia,working,Full,network,21,Morning,442,66,1610,Dual1_regional,4625012028
Valencia,working,Full,network,21,Morning,442,66,1610,Dual1_regional,4625012030
Valencia,working,Full,network,21,Morning,442,66,1610,Dual1_regional,4625012031
Valencia,working,Full,network,21,Morning,442,66,1610,Dual1_regional,4625012033
Valencia,working,Full,network,21,Morning,442,66,1610,Dual1_regional,4625012037
Valencia,working,Full,network,21,Morning,442,66,1610,Dual1_regional,4625013002
Valencia,working,Full,network,21,Morning,442,66,1610,Dual1_regional,4625013024
Valencia,working,Full,network,21,Morning,442,66,1610,Dual1_regional,4625014004
Valencia,working,Full,network,21,Morning,442,66,1610,Dual1_regional,4625014016
Valencia,working,Full,network,21,Morning,442,66,1610,Dual1_regional,4625014018
Valencia,working,Full,network,21,Morning,442,66,1610,Dual1_regional,4625016002
Valencia,working,Full,network,21,Morning,442,66,1610,Dual1_regional,4625016014
Valencia,working,Full,network,21,Morning,442,66,1610,Dual1_regional,4625016015
Valencia,working,Full,network,21,Morning,442,66,1610,Dual1_regional,4625016016
Valencia,working,Full,network,21,Morning,442,66,1610,Dual1_regional,4625016022
Valencia,working,Full,network,21,Morning,442,66,1610,Dual1_regional,4625018008
Valencia,working,Full,network,21,Morning,442,66,1610,Dual1_regional,4625019003
Valencia,working,Full,network,21,Morning,442,66,1610,Dual1_uniform_area,4625002003
Valencia,working,Full,network,21,Morning,442,66,1610,Dual1_uniform_area,4625002016
Valencia,working,Full,network,21,Morning,442,66,1610,Dual1_uniform_area,4625002045
Valencia,working,Full,network,21,Morning,442,66,1610,Dual1_uniform_area,4625003021
Valencia,working,Full,network,21,Morning,442,66,1610,Dual1_uniform_area,4625003023
Valencia,working,Full,network,21,Morning,442,66,1610,Dual1_uniform_area,4625003027
Valencia,working,Full,network,21,Morning,442,66,1610,Dual1_uniform_area,4625003033
Valencia,working,Full,network,21,Morning,442,66,1610,Dual1_uniform_area,4625003037
Valencia,working,Full,network,21,Morning,442,66,1610,Dual1_uniform_area,4625003047
Valencia,working,Full,network,21,Morning,442,66,1610,Dual1_uniform_area,4625004003
Valencia,working,Full,network,21,Morning,442,66,1610,Dual1_uniform_area,4625004004
Valencia,working,Full,network,21,Morning,442,66,1610,Dual1_uniform_area,4625004005
Valencia,working,Full,network,21,Morning,442,66,1610,Dual1_uniform_area,4625004017
Valencia,working,Full,network,21,Morning,442,66,1610,Dual1_uniform_area,4625004022
Valencia,working,Full,network,21,Morning,442,66,1610,Dual1_uniform_area,4625004024
Valencia,working,Full,network,21,Morning,442,66,1610,Dual1_uniform_area,4625005005
Valencia,working,Full,network,21,Morning,442,66,1610,Dual1_uniform_area,4625005021
Valencia,working,Full,network,21,Morning,442,66,1610,Dual1_uniform_area,4625006023
Valencia,working,Full,network,21,Morning,442,66,1610,Dual1_uniform_area,4625007010
Valencia,working,Full,network,21,Morning,442,66,1610,Dual1_uniform_area,4625007016
Valencia,working,Full,network,21,Morning,442,66,1610,Dual1_uniform_area,4625007024
Valencia,working,Full,network,21,Morning,442,66,1610,Dual1_uniform_area,4625007027
Valencia,working,Full,network,21,Morning,442,66,1610,Dual1_uniform_area,4625007032
Valencia,working,Full,network,21,Morning,442,66,1610,Dual1_uniform_area,4625008001
Valencia,working,Full,network,21,Morning,442,66,1610,Dual1_uniform_area,4625008026
Valencia,working,Full,network,21,Morning,442,66,1610,Dual1_uniform_area,4625009010
Valencia,working,Full,network,21,Morning,442,66,1610,Dual1_uniform_area,4625009021
Valencia,working,Full,network,21,Morning,442,66,1610,Dual1_uniform_area,4625009028
Valencia,working,Full,network,21,Morning,442,66,1610,Dual1_uniform_area,4625009030
Valencia,working,Full,network,21,Morning,442,66,1610,Dual1_uniform_area,4625009038
Valencia,working,Full,network,21,Morning,442,66,1610,Dual1_uniform_area,4625009039
Valencia,working,Full,network,21,Morning,442,66,1610,Dual1_uniform_area,4625010027
Valencia,working,Full,network,21,Morning,442,66,1610,Dual1_uniform_area,4625010029
Valencia,working,Full,network,21,Morning,442,66,1610,Dual1_uniform_area,4625010040
Valencia,working,Full,network,21,Morning,442,66,1610,Dual1_uniform_area,4625011005
Valencia,working,Full,network,21,Morning,442,66,1610,Dual1_uniform_area,4625011009
Valencia,working,Full,network,21,Morning,442,66,1610,Dual1_uniform_area,4625011019
Valencia,working,Full,network,21,Morning,442,66,1610,Dual1_uniform_area,4625011026
Valencia,working,Full,network,21,Morning,442,66,1610,Dual1_uniform_area,4625011028
Valencia,working,Full,network,21,Morning,442,66,1610,Dual1_uniform_area,4625011030
Valencia,working,Full,network,21,Morning,442,66,1610,Dual1_uniform_area,4625011031
Valencia,working,Full,network,21,Morning,442,66,1610,Dual1_uniform_area,4625011034
Valencia,working,Full,network,21,Morning,442,66,1610,Dual1_uniform_area,4625011038
Valencia,working,Full,network,21,Morning,442,66,1610,Dual1_uniform_area,4625011045
Valencia,working,Full,network,21,Morning,442,66,1610,Dual1_uniform_area,4625011053
Valencia,working,Full,network,21,Morning,442,66,1610,Dual1_uniform_area,4625012006
Valencia,working,Full,network,21,Morning,442,66,1610,Dual1_uniform_area,4625012013
Valencia,working,Full,network,21,Morning,442,66,1610,Dual1_uniform_area,4625012014
Valencia,working,Full,network,21,Morning,442,66,1610,Dual1_uniform_area,4625012026
Valencia,working,Full,network,21,Morning,442,66,1610,Dual1_uniform_area,4625012028
Valencia,working,Full,network,21,Morning,442,66,1610,Dual1_uniform_area,4625012030
Valencia,working,Full,network,21,Morning,442,66,1610,Dual1_uniform_area,4625012031
Valencia,working,Full,network,21,Morning,442,66,1610,Dual1_uniform_area,4625012033
Valencia,working,Full,network,21,Morning,442,66,1610,Dual1_uniform_area,4625013002
Valencia,working,Full,network,21,Morning,442,66,1610,Dual1_uniform_area,4625013024
Valencia,working,Full,network,21,Morning,442,66,1610,Dual1_uniform_area,4625014004
Valencia,working,Full,network,21,Morning,442,66,1610,Dual1_uniform_area,4625014016
Valencia,working,Full,network,21,Morning,442,66,1610,Dual1_uniform_area,4625014018
Valencia,working,Full,network,21,Morning,442,66,1610,Dual1_uniform_area,4625015029
Valencia,working,Full,network,21,Morning,442,66,1610,Dual1_uniform_area,4625016002
Valencia,working,Full,network,21,Morning,442,66,1610,Dual1_uniform_area,4625016014
Valencia,working,Full,network,21,Morning,442,66,1610,Dual1_uniform_area,4625016015
Valencia,working,Full,network,21,Morning,442,66,1610,Dual1_uniform_area,4625016016
Valencia,working,Full,network,21,Morning,442,66,1610,Dual1_uniform_area,4625016022
Valencia,working,Full,network,21,Morning,442,66,1610,Dual1_uniform_area,4625018008
Valencia,working,Full,network,21,Morning,442,66,1610,Dual1_uniform_area,4625019003
Valencia,working,Full,network,21,Afternoon,442,66,1610,Dual1_regional,4625002003
Valencia,working,Full,network,21,Afternoon,442,66,1610,Dual1_regional,4625002033
Valencia,working,Full,network,21,Afternoon,442,66,1610,Dual1_regional,4625003023
Valencia,working,Full,network,21,Afternoon,442,66,1610,Dual1_regional,4625003027
Valencia,working,Full,network,21,Afternoon,442,66,1610,Dual1_regional,4625003037
Valencia,working,Full,network,21,Afternoon,442,66,1610,Dual1_regional,4625004001
Valencia,working,Full,network,21,Afternoon,442,66,1610,Dual1_regional,4625004003
Valencia,working,Full,network,21,Afternoon,442,66,1610,Dual1_regional,4625004006
Valencia,working,Full,network,21,Afternoon,442,66,1610,Dual1_regional,4625004009
Valencia,working,Full,network,21,Afternoon,442,66,1610,Dual1_regional,4625004016
Valencia,working,Full,network,21,Afternoon,442,66,1610,Dual1_regional,4625004017
Valencia,working,Full,network,21,Afternoon,442,66,1610,Dual1_regional,4625004021
Valencia,working,Full,network,21,Afternoon,442,66,1610,Dual1_regional,4625004024
Valencia,working,Full,network,21,Afternoon,442,66,1610,Dual1_regional,4625004028
Valencia,working,Full,network,21,Afternoon,442,66,1610,Dual1_regional,4625005005
Valencia,working,Full,network,21,Afternoon,442,66,1610,Dual1_regional,4625005018
Valencia,working,Full,network,21,Afternoon,442,66,1610,Dual1_regional,4625005033
Valencia,working,Full,network,21,Afternoon,442,66,1610,Dual1_regional,4625006008
Valencia,working,Full,network,21,Afternoon,442,66,1610,Dual1_regional,4625006017
Valencia,working,Full,network,21,Afternoon,442,66,1610,Dual1_regional,4625006023
Valencia,working,Full,network,21,Afternoon,442,66,1610,Dual1_regional,4625007012
Valencia,working,Full,network,21,Afternoon,442,66,1610,Dual1_regional,4625007016
Valencia,working,Full,network,21,Afternoon,442,66,1610,Dual1_regional,4625007024
Valencia,working,Full,network,21,Afternoon,442,66,1610,Dual1_regional,4625007027
Valencia,working,Full,network,21,Afternoon,442,66,1610,Dual1_regional,4625008013
Valencia,working,Full,network,21,Afternoon,442,66,1610,Dual1_regional,4625008014
Valencia,working,Full,network,21,Afternoon,442,66,1610,Dual1_regional,4625008018
Valencia,working,Full,network,21,Afternoon,442,66,1610,Dual1_regional,4625008026
Valencia,working,Full,network,21,Afternoon,442,66,1610,Dual1_regional,4625008037
Valencia,working,Full,network,21,Afternoon,442,66,1610,Dual1_regional,4625009021
Valencia,working,Full,network,21,Afternoon,442,66,1610,Dual1_regional,4625009028
Valencia,working,Full,network,21,Afternoon,442,66,1610,Dual1_regional,4625009038
Valencia,working,Full,network,21,Afternoon,442,66,1610,Dual1_regional,4625009039
Valencia,working,Full,network,21,Afternoon,442,66,1610,Dual1_regional,4625010022
Valencia,working,Full,network,21,Afternoon,442,66,1610,Dual1_regional,4625010024
Valencia,working,Full,network,21,Afternoon,442,66,1610,Dual1_regional,4625010026
Valencia,working,Full,network,21,Afternoon,442,66,1610,Dual1_regional,4625010048
Valencia,working,Full,network,21,Afternoon,442,66,1610,Dual1_regional,4625010050
Valencia,working,Full,network,21,Afternoon,442,66,1610,Dual1_regional,4625011026
Valencia,working,Full,network,21,Afternoon,442,66,1610,Dual1_regional,4625011028
Valencia,working,Full,network,21,Afternoon,442,66,1610,Dual1_regional,4625011030
Valencia,working,Full,network,21,Afternoon,442,66,1610,Dual1_regional,4625011031
Valencia,working,Full,network,21,Afternoon,442,66,1610,Dual1_regional,4625011034
Valencia,working,Full,network,21,Afternoon,442,66,1610,Dual1_regional,4625012006
Valencia,working,Full,network,21,Afternoon,442,66,1610,Dual1_regional,4625012026
Valencia,working,Full,network,21,Afternoon,442,66,1610,Dual1_regional,4625012030
Valencia,working,Full,network,21,Afternoon,442,66,1610,Dual1_regional,4625013002
Valencia,working,Full,network,21,Afternoon,442,66,1610,Dual1_regional,4625014001
Valencia,working,Full,network,21,Afternoon,442,66,1610,Dual1_regional,4625014019
Valencia,working,Full,network,21,Afternoon,442,66,1610,Dual1_regional,4625015018
Valencia,working,Full,network,21,Afternoon,442,66,1610,Dual1_regional,4625015021
Valencia,working,Full,network,21,Afternoon,442,66,1610,Dual1_regional,4625015024
Valencia,working,Full,network,21,Afternoon,442,66,1610,Dual1_regional,4625015030
Valencia,working,Full,network,21,Afternoon,442,66,1610,Dual1_regional,4625016001
Valencia,working,Full,network,21,Afternoon,442,66,1610,Dual1_regional,4625016002
Valencia,working,Full,network,21,Afternoon,442,66,1610,Dual1_regional,4625016006
Valencia,working,Full,network,21,Afternoon,442,66,1610,Dual1_regional,4625016016
Valencia,working,Full,network,21,Afternoon,442,66,1610,Dual1_regional,4625016019
Valencia,working,Full,network,21,Afternoon,442,66,1610,Dual1_regional,4625016024
Valencia,working,Full,network,21,Afternoon,442,66,1610,Dual1_regional,4625016031
Valencia,working,Full,network,21,Afternoon,442,66,1610,Dual1_regional,4625018003
Valencia,working,Full,network,21,Afternoon,442,66,1610,Dual1_regional,4625018005
Valencia,working,Full,network,21,Afternoon,442,66,1610,Dual1_regional,4625018006
Valencia,working,Full,network,21,Afternoon,442,66,1610,Dual1_regional,4625018008
Valencia,working,Full,network,21,Afternoon,442,66,1610,Dual1_regional,4625018009
Valencia,working,Full,network,21,Afternoon,442,66,1610,Dual1_regional,4625019003
Valencia,working,Full,network,21,Afternoon,442,66,1610,Dual1_uniform_area,4625002003
Valencia,working,Full,network,21,Afternoon,442,66,1610,Dual1_uniform_area,4625002033
Valencia,working,Full,network,21,Afternoon,442,66,1610,Dual1_uniform_area,4625003023
Valencia,working,Full,network,21,Afternoon,442,66,1610,Dual1_uniform_area,4625003027
Valencia,working,Full,network,21,Afternoon,442,66,1610,Dual1_uniform_area,4625003037
Valencia,working,Full,network,21,Afternoon,442,66,1610,Dual1_uniform_area,4625004001
Valencia,working,Full,network,21,Afternoon,442,66,1610,Dual1_uniform_area,4625004003
Valencia,working,Full,network,21,Afternoon,442,66,1610,Dual1_uniform_area,4625004006
Valencia,working,Full,network,21,Afternoon,442,66,1610,Dual1_uniform_area,4625004009
Valencia,working,Full,network,21,Afternoon,442,66,1610,Dual1_uniform_area,4625004016
Valencia,working,Full,network,21,Afternoon,442,66,1610,Dual1_uniform_area,4625004017
Valencia,working,Full,network,21,Afternoon,442,66,1610,Dual1_uniform_area,4625004021
Valencia,working,Full,network,21,Afternoon,442,66,1610,Dual1_uniform_area,4625004024
Valencia,working,Full,network,21,Afternoon,442,66,1610,Dual1_uniform_area,4625004028
Valencia,working,Full,network,21,Afternoon,442,66,1610,Dual1_uniform_area,4625005005
Valencia,working,Full,network,21,Afternoon,442,66,1610,Dual1_uniform_area,4625005018
Valencia,working,Full,network,21,Afternoon,442,66,1610,Dual1_uniform_area,4625005033
Valencia,working,Full,network,21,Afternoon,442,66,1610,Dual1_uniform_area,4625006008
Valencia,working,Full,network,21,Afternoon,442,66,1610,Dual1_uniform_area,4625006017
Valencia,working,Full,network,21,Afternoon,442,66,1610,Dual1_uniform_area,4625006023
Valencia,working,Full,network,21,Afternoon,442,66,1610,Dual1_uniform_area,4625007012
Valencia,working,Full,network,21,Afternoon,442,66,1610,Dual1_uniform_area,4625007016
Valencia,working,Full,network,21,Afternoon,442,66,1610,Dual1_uniform_area,4625007024
Valencia,working,Full,network,21,Afternoon,442,66,1610,Dual1_uniform_area,4625007027
Valencia,working,Full,network,21,Afternoon,442,66,1610,Dual1_uniform_area,4625008013
Valencia,working,Full,network,21,Afternoon,442,66,1610,Dual1_uniform_area,4625008014
Valencia,working,Full,network,21,Afternoon,442,66,1610,Dual1_uniform_area,4625008018
Valencia,working,Full,network,21,Afternoon,442,66,1610,Dual1_uniform_area,4625008036
Valencia,working,Full,network,21,Afternoon,442,66,1610,Dual1_uniform_area,4625008037
Valencia,working,Full,network,21,Afternoon,442,66,1610,Dual1_uniform_area,4625009021
Valencia,working,Full,network,21,Afternoon,442,66,1610,Dual1_uniform_area,4625009028
Valencia,working,Full,network,21,Afternoon,442,66,1610,Dual1_uniform_area,4625009038
Valencia,working,Full,network,21,Afternoon,442,66,1610,Dual1_uniform_area,4625009039
Valencia,working,Full,network,21,Afternoon,442,66,1610,Dual1_uniform_area,4625010022
Valencia,working,Full,network,21,Afternoon,442,66,1610,Dual1_uniform_area,4625010024
Valencia,working,Full,network,21,Afternoon,442,66,1610,Dual1_uniform_area,4625010026
Valencia,working,Full,network,21,Afternoon,442,66,1610,Dual1_uniform_area,4625010048
Valencia,working,Full,network,21,Afternoon,442,66,1610,Dual1_uniform_area,4625010050
Valencia,working,Full,network,21,Afternoon,442,66,1610,Dual1_uniform_area,4625011026
Valencia,working,Full,network,21,Afternoon,442,66,1610,Dual1_uniform_area,4625011028
Valencia,working,Full,network,21,Afternoon,442,66,1610,Dual1_uniform_area,4625011030
Valencia,working,Full,network,21,Afternoon,442,66,1610,Dual1_uniform_area,4625011031
Valencia,working,Full,network,21,Afternoon,442,66,1610,Dual1_uniform_area,4625011034
Valencia,working,Full,network,21,Afternoon,442,66,1610,Dual1_uniform_area,4625012006
Valencia,working,Full,network,21,Afternoon,442,66,1610,Dual1_uniform_area,4625012026
Valencia,working,Full,network,21,Afternoon,442,66,1610,Dual1_uniform_area,4625012030
Valencia,working,Full,network,21,Afternoon,442,66,1610,Dual1_uniform_area,4625013002
Valencia,working,Full,network,21,Afternoon,442,66,1610,Dual1_uniform_area,4625014001
Valencia,working,Full,network,21,Afternoon,442,66,1610,Dual1_uniform_area,4625014019
Valencia,working,Full,network,21,Afternoon,442,66,1610,Dual1_uniform_area,4625015018
Valencia,working,Full,network,21,Afternoon,442,66,1610,Dual1_uniform_area,4625015021
Valencia,working,Full,network,21,Afternoon,442,66,1610,Dual1_uniform_area,4625015024
Valencia,working,Full,network,21,Afternoon,442,66,1610,Dual1_uniform_area,4625015030
Valencia,working,Full,network,21,Afternoon,442,66,1610,Dual1_uniform_area,4625016001
Valencia,working,Full,network,21,Afternoon,442,66,1610,Dual1_uniform_area,4625016002
Valencia,working,Full,network,21,Afternoon,442,66,1610,Dual1_uniform_area,4625016006
Valencia,working,Full,network,21,Afternoon,442,66,1610,Dual1_uniform_area,4625016016
Valencia,working,Full,network,21,Afternoon,442,66,1610,Dual1_uniform_area,4625016019
Valencia,working,Full,network,21,Afternoon,442,66,1610,Dual1_uniform_area,4625016024
Valencia,working,Full,network,21,Afternoon,442,66,1610,Dual1_uniform_area,4625016031
Valencia,working,Full,network,21,Afternoon,442,66,1610,Dual1_uniform_area,4625018003
Valencia,working,Full,network,21,Afternoon,442,66,1610,Dual1_uniform_area,4625018005
Valencia,working,Full,network,21,Afternoon,442,66,1610,Dual1_uniform_area,4625018006
Valencia,working,Full,network,21,Afternoon,442,66,1610,Dual1_uniform_area,4625018008
Valencia,working,Full,network,21,Afternoon,442,66,1610,Dual1_uniform_area,4625018009
Valencia,working,Full,network,21,Afternoon,442,66,1610,Dual1_uniform_area,4625019003
