city,catalogue,layer,mode,weights,window,reachable,quota,hours,reference,tolerance,optimum,mandatory,possible,max_swaps,exchanged,loss_percent,minimum_loss_same_swaps_percent,population_of_excluded,local_capture,regional_capture,selected_population,district_TV,represented_districts,swaps_from_local
Madrid,working,Full,connectors_shade,21,Morning,1632,244,1655,local,0.01,48938.53266586103,0,1632,43,0,0.0,0.0,0.0,100.0,99.28655059234498,87467.206,0.32867740711721205,20,0
Madrid,working,Full,connectors_shade,21,Morning,1632,244,1655,regional,0.01,48938.53266586103,0,1632,43,17,0.879556920298838,0.14778969375051115,0.0,99.12044307970115,100.0,86253.50499999999,0.31228396449426116,20,17
Madrid,working,Full,connectors_shade,21,Morning,1632,244,1655,uniform_area,0.01,48938.53266586103,0,1632,43,13,0.3688270114775099,0.0916242084914329,0.0,99.6311729885225,99.81789225578937,85844.635,0.3245790464614744,20,13
Madrid,working,Full,connectors_shade,21,Morning,1632,244,1655,uniform_stations,0.01,48938.53266586103,0,1632,43,12,0.30783947504718145,0.07920477437547706,0.0,99.69216052495281,99.7129596630268,86874.735,0.32048068580573663,20,12
Madrid,working,Full,connectors_shade,21,Morning,1632,244,1655,All_25,0.01,48938.53266586103,0,1632,43,24,1.7542708876901667,0.28247624844350666,0.0,98.24572911230983,98.86923717178084,85069.338,0.30408724318278585,20,24
Madrid,working,Full,connectors_shade,21,Morning,1632,244,1655,AQ_plus_two_3m,0.01,48938.53266586103,0,1632,43,11,0.5248478136539929,0.0679723672575156,0.0,99.47515218634601,99.13614519621328,89822.01200000002,0.3109772933014152,20,11
Madrid,working,Full,connectors_shade,21,Morning,1632,244,1655,AQ6_1,0.01,48938.53266586103,0,1632,43,13,0.4531211616992978,0.0916242084914329,0.0,99.5468788383007,99.55142554923846,84894.35699999999,0.3122839644942612,20,13
Madrid,working,Full,connectors_shade,21,Morning,1632,244,1655,AQ6_2,0.01,48938.53266586103,0,1632,43,13,0.42867248020007104,0.0916242084914329,0.0,99.57132751979994,99.56226185770822,83916.487,0.3204806858057366,20,13
Madrid,working,Full,connectors_shade,21,Morning,1632,244,1655,regional_halfhour,0.01,48938.53266586103,0,1632,43,18,0.9894856011422131,0.16456666514325005,0.0,99.0105143988578,99.98456150000301,86861.766,0.3081856038385235,20,18
Madrid,working,Full,connectors_shade,21,Morning,1632,244,1655,population,0.01,48938.53266586103,0,1632,43,149,27.725780557968957,12.309882242956284,0.0,72.27421944203104,72.33707068893894,113188.805,0.16204476985497612,21,149
Madrid,working,Full,connectors_shade,21,Afternoon,1632,244,1656,local,0.01,87320.61459541063,0,1632,49,0,0.0,0.0,0.0,100.0,99.94695650742754,112336.64600000001,0.17825114739401782,21,0
Madrid,working,Full,connectors_shade,21,Afternoon,1632,244,1656,regional,0.01,87320.61459541063,0,1632,49,7,0.05935724289123104,0.019514563421168918,0.0,99.94064275710878,100.0,112252.65699999999,0.18533176393390124,21,7
Madrid,working,Full,connectors_shade,21,Afternoon,1632,244,1656,uniform_area,0.01,87320.61459541063,0,1632,49,3,0.016215981750865964,0.002450116197248677,0.0,99.98378401824914,99.97837285780962,112249.889,0.18234950804975555,21,3
Madrid,working,Full,connectors_shade,21,Afternoon,1632,244,1656,uniform_stations,0.01,87320.61459541063,0,1632,49,3,0.016215981750865964,0.002450116197248677,0.0,99.98378401824914,99.97837285780962,112249.889,0.18234950804975555,21,3
Madrid,working,Full,connectors_shade,21,Afternoon,1632,244,1656,All_25,0.01,87320.61459541063,0,1632,49,19,0.4983208295160417,0.1387854148020178,0.0,99.50167917048395,99.43811359635956,111603.93400000001,0.16931721814114584,21,19
Madrid,working,Full,connectors_shade,21,Afternoon,1632,244,1656,AQ_plus_two_3m,0.01,87320.61459541063,0,1632,49,6,0.05113855786084883,0.013714731046158784,0.0,99.94886144213916,99.91470287752307,112304.38400000002,0.1699501059589167,21,6
Madrid,working,Full,connectors_shade,21,Afternoon,1632,244,1656,AQ6_1,0.01,87320.61459541063,0,1632,49,1,0.0008937079840334549,0.00026066690332353224,0.0,99.99910629201598,99.9493269272352,112343.342,0.17825114739401782,21,1
Madrid,working,Full,connectors_shade,21,Afternoon,1632,244,1656,AQ6_2,0.01,87320.61459541063,0,1632,49,3,0.00503561691919996,0.002450116197248677,0.0,99.99496438308081,99.94825395598497,112376.848,0.17495002351202754,21,3
Madrid,working,Full,connectors_shade,21,Afternoon,1632,244,1656,regional_halfhour,0.01,87320.61459541063,0,1632,49,7,0.05101783140627172,0.019514563421168918,0.0,99.94898216859372,99.99944469280332,112262.878,0.18123340327816354,21,7
Madrid,working,Full,connectors_shade,21,Afternoon,1632,244,1656,population,0.01,87320.61459541063,0,1632,49,24,0.7868262675338463,0.22898300553662262,0.0,99.21317373246616,99.19878066533188,113188.805,0.16204476985497612,21,24
Madrid,working,Full,connectors_shade,41,Morning,1632,244,1655,local,0.01,48731.94313716012,0,1632,42,0,0.0,0.0,0.0,100.00000000000001,99.26231434507046,87468.85200000001,0.33370004079825544,20,0
Madrid,working,Full,connectors_shade,41,Morning,1632,244,1655,regional,0.01,48731.94313716012,0,1632,42,19,1.0029136643304202,0.19256995747347305,0.0,98.9970863356696,100.0,86087.47200000001,0.32048068580573663,20,19
Madrid,working,Full,connectors_shade,41,Morning,1632,244,1655,uniform_area,0.01,48731.94313716012,0,1632,42,13,0.404245303714481,0.09192429189516538,0.0,99.59575469628551,99.83943529054922,85785.39199999999,0.3255033194867801,20,13
Madrid,working,Full,connectors_shade,41,Morning,1632,244,1655,uniform_stations,0.01,48731.94313716012,0,1632,42,14,0.4630009075110119,0.10625645710049969,0.0,99.536999092489,99.66511057959926,87531.92199999999,0.3255033194867801,20,14
Madrid,working,Full,connectors_shade,41,Morning,1632,244,1655,All_25,0.01,48731.94313716012,0,1632,42,23,1.6725196927306991,0.2800328184180229,0.0,98.3274803072693,98.93745994507675,84991.617,0.30501151620809164,20,23
Madrid,working,Full,connectors_shade,41,Morning,1632,244,1655,AQ_plus_two_3m,0.01,48731.94313716012,0,1632,42,11,0.5053921982497201,0.06664436045878701,0.0,99.49460780175028,99.04213886645493,90088.138,0.31917401461289063,20,11
Madrid,working,Full,connectors_shade,41,Morning,1632,244,1655,AQ6_1,0.01,48731.94313716012,0,1632,42,13,0.5140588822205292,0.09192429189516538,0.0,99.48594111777948,99.52957293117987,84662.191,0.32140495883104236,20,13
Madrid,working,Full,connectors_shade,41,Morning,1632,244,1655,AQ6_2,0.01,48731.94313716012,0,1632,42,12,0.4611084411118335,0.0790812409617559,0.0,99.53889155888817,99.55824504437163,84284.06700000001,0.32550331948678,20,12
Madrid,working,Full,connectors_shade,41,Morning,1632,244,1655,regional_halfhour,0.01,48731.94313716012,0,1632,42,18,0.9793557471273161,0.1738405102620915,0.0,99.02064425287267,99.98492828060866,86959.446,0.32048068580573663,20,18
Madrid,working,Full,connectors_shade,41,Morning,1632,244,1655,population,0.01,48731.94313716012,0,1632,42,149,27.69636779482702,12.331639536419218,0.0,72.30363220517297,72.35341679103554,113188.805,0.16204476985497612,21,149
Madrid,working,Full,connectors_shade,41,Afternoon,1632,244,1656,local,0.01,87289.38900603866,0,1632,49,0,0.0,0.0,0.0,100.0,99.94693768974892,112336.64600000001,0.17825114739401782,21,0
Madrid,working,Full,connectors_shade,41,Afternoon,1632,244,1656,regional,0.01,87289.38900603866,0,1632,49,7,0.05937847645598999,0.01952154426673447,0.0,99.94062152354401,99.99999999999999,112252.657,0.18533176393390124,21,7
Madrid,working,Full,connectors_shade,41,Afternoon,1632,244,1656,uniform_area,0.01,87289.38900603866,0,1632,49,3,0.016221782611596423,0.002450992664860148,0.0,99.9837782173884,99.97836518537721,112249.889,0.18234950804975555,21,3
Madrid,working,Full,connectors_shade,41,Afternoon,1632,244,1656,uniform_stations,0.01,87289.38900603866,0,1632,49,3,0.016221782611579753,0.002450992664860148,0.0,99.98377821738842,99.97836518537721,112249.889,0.18234950804975555,21,3
Madrid,working,Full,connectors_shade,41,Afternoon,1632,244,1656,All_25,0.01,87289.38900603866,0,1632,49,19,0.49849909129306413,0.13883506180290503,0.0,99.50150090870694,99.43791426186573,111603.93400000001,0.16931721814114584,21,19
Madrid,working,Full,connectors_shade,41,Afternoon,1632,244,1656,AQ_plus_two_3m,0.01,87289.38900603866,0,1632,49,6,0.05115685139719358,0.013719637147173705,0.0,99.9488431486028,99.91467261756547,112304.38400000002,0.1699501059589167,21,6
Madrid,working,Full,connectors_shade,41,Afternoon,1632,244,1656,AQ6_1,0.01,87289.38900603866,0,1632,49,1,0.000894027685647198,0.0002607601503696936,0.0,99.99910597231435,99.94930895048536,112343.342,0.17825114739401782,21,1
Madrid,working,Full,connectors_shade,41,Afternoon,1632,244,1656,AQ6_2,0.01,87289.38900603866,0,1632,49,3,0.005037418284857335,0.002450992664860148,0.0,99.99496258171514,99.94823559858847,112376.848,0.17495002351202754,21,3
Madrid,working,Full,connectors_shade,41,Afternoon,1632,244,1656,regional_halfhour,0.01,87289.38900603866,0,1632,49,7,0.05103608175575561,0.01952154426673447,0.0,99.94896391824425,99.99944449580286,112262.878,0.18123340327816354,21,7
Madrid,working,Full,connectors_shade,41,Afternoon,1632,244,1656,population,0.01,87289.38900603866,0,1632,49,24,0.7788811925478615,0.2290649184631016,0.0,99.22111880745214,99.20766215861893,113188.805,0.16204476985497612,21,24
Madrid,working,Full,connectors_sun,21,Morning,1632,244,1655,local,0.01,66293.8834429003,0,1632,42,0,0.0,0.0,0.0,100.0,99.96991869140402,87343.38199999998,0.2454035228096119,19,0
Madrid,working,Full,connectors_sun,21,Morning,1632,244,1655,regional,0.01,66293.8834429003,0,1632,42,4,0.02252350711318317,0.007409262149386094,0.0,99.97747649288681,100.0,87349.68599999999,0.24269538448142977,19,4
Madrid,working,Full,connectors_sun,21,Morning,1632,244,1655,uniform_area,0.01,66293.8834429003,0,1632,42,3,0.01749937202433667,0.004784820770476905,0.0,99.98250062797567,99.99909310436631,87518.205,0.24269538448142977,19,3
Madrid,working,Full,connectors_sun,21,Morning,1632,244,1655,uniform_stations,0.01,66293.8834429003,0,1632,42,5,0.04680714616935225,0.011128922885499179,0.0,99.95319285383064,99.95403617871085,88158.50099999999,0.24679374513716743,19,5
Madrid,working,Full,connectors_sun,21,Morning,1632,244,1655,All_25,0.01,66293.8834429003,0,1632,42,6,0.08354051730867773,0.015062805970378162,0.0,99.91645948269132,99.85528323296833,88064.53600000001,0.2372068014981365,19,6
Madrid,working,Full,connectors_sun,21,Morning,1632,244,1655,AQ_plus_two_3m,0.01,66293.8834429003,0,1632,42,5,0.0505458368812918,0.011128922885499179,0.0,99.94945416311872,99.93106516492732,88358.749,0.2331084408423988,19,5
Madrid,working,Full,connectors_sun,21,Morning,1632,244,1655,AQ6_1,0.01,66293.8834429003,0,1632,42,3,0.008097142135917433,0.004784820770476905,0.0,99.99190285786408,99.9452749610072,87771.179,0.24130516215387418,19,3
Madrid,working,Full,connectors_sun,21,Morning,1632,244,1655,AQ6_2,0.01,66293.8834429003,0,1632,42,2,0.0029618094271512165,0.0029560755520599267,0.0,99.99703819057284,99.97247642911276,87430.83000000002,0.2454035228096119,19,2
Madrid,working,Full,connectors_sun,21,Morning,1632,244,1655,regional_halfhour,0.01,66293.8834429003,0,1632,42,3,0.020739265733944322,0.004784820770476905,0.0,99.97926073426606,99.99871534957815,87525.091,0.24269538448142977,19,3
Madrid,working,Full,connectors_sun,21,Morning,1632,244,1655,population,0.01,66293.8834429003,0,1632,42,151,28.804798641657023,13.167263396872913,0.0,71.19520135834297,70.92054652489364,113188.805,0.16204476985497612,21,151
Madrid,working,Full,connectors_sun,21,Afternoon,1632,244,1656,local,0.01,91162.15668115942,0,1632,50,0,0.0,0.0,0.0,100.0,99.94502373143337,111172.602,0.17584632857505197,20,0
Madrid,working,Full,connectors_sun,21,Afternoon,1632,244,1656,regional,0.01,91162.15668115942,0,1632,50,7,0.06553839106479063,0.017040552340689276,0.0,99.93446160893521,100.0,111185.279,0.16764960726357656,20,7
Madrid,working,Full,connectors_sun,21,Afternoon,1632,244,1656,uniform_area,0.01,91162.15668115942,0,1632,50,2,0.015509322469965064,0.0014136870292004505,0.0,99.98449067753003,99.95362167431313,111171.19999999998,0.175846328575052,20,2
Madrid,working,Full,connectors_sun,21,Afternoon,1632,244,1656,uniform_stations,0.01,91162.15668115942,0,1632,50,2,0.015779557468894055,0.0014136870292004505,0.0,99.98422044253111,99.96175257028452,111104.571,0.175846328575052,20,2
Madrid,working,Full,connectors_sun,21,Afternoon,1632,244,1656,All_25,0.01,91162.15668115942,0,1632,50,13,0.33456342632404873,0.06261340997341518,0.0,99.66543657367595,99.70002254593346,110767.40800000002,0.15112692871631425,21,13
Madrid,working,Full,connectors_sun,21,Afternoon,1632,244,1656,AQ_plus_two_3m,0.01,91162.15668115942,0,1632,50,6,0.03390303835190652,0.011822113331471864,0.0,99.96609696164809,99.94380137334636,111315.01100000001,0.17174796791931426,20,6
Madrid,working,Full,connectors_sun,21,Afternoon,1632,244,1656,AQ6_1,0.01,91162.15668115942,0,1632,50,2,0.0026509167161316376,0.0014136870292004505,0.0,99.99734908328386,99.94066859038608,111100.894,0.1757983951419328,20,2
Madrid,working,Full,connectors_sun,21,Afternoon,1632,244,1656,AQ6_2,0.01,91162.15668115942,0,1632,50,3,0.0041759901738996005,0.003035450748305454,0.0,99.9958240098261,99.93795211572001,111160.942,0.1757983951419328,20,3
Madrid,working,Full,connectors_sun,21,Afternoon,1632,244,1656,regional_halfhour,0.01,91162.15668115942,0,1632,50,6,0.06196527892534606,0.011822113331471864,0.0,99.93803472107466,99.99960759653484,111229.06699999998,0.16764960726357656,20,6
Madrid,working,Full,connectors_sun,21,Afternoon,1632,244,1656,population,0.01,91162.15668115942,0,1632,50,41,1.4327608571525827,0.6737360988945581,0.0,98.56723914284743,98.5985110138736,113188.805,0.16204476985497612,21,41
Madrid,working,Full,connectors_sun,41,Morning,1632,244,1655,local,0.01,65968.26944410877,0,1632,42,0,0.0,0.0,0.0,100.0,99.9589393871943,87429.535,0.24130516215387418,19,0
Madrid,working,Full,connectors_sun,41,Morning,1632,244,1655,regional,0.01,65968.26944410877,0,1632,42,4,0.0193136898329974,0.003065171332252107,0.0,99.98068631016702,100.0,87124.55799999999,0.24130516215387418,19,4
Madrid,working,Full,connectors_sun,41,Morning,1632,244,1655,uniform_area,0.01,65968.26944410877,0,1632,42,4,0.02190338584581287,0.003065171332252107,0.0,99.97809661415418,99.98861156911184,87469.61499999999,0.24269538448142977,19,4
Madrid,working,Full,connectors_sun,41,Morning,1632,244,1655,uniform_stations,0.01,65968.26944410877,0,1632,42,5,0.03435425690610407,0.005640112471492491,0.0,99.9656457430939,99.9705332368124,87779.65900000001,0.24269538448142977,19,5
Madrid,working,Full,connectors_sun,41,Morning,1632,244,1655,All_25,0.01,65968.26944410877,0,1632,42,6,0.040013533585128803,0.00954086725048654,0.0,99.95998646641486,99.89943345291222,87637.731,0.23720680149813647,19,6
Madrid,working,Full,connectors_sun,41,Morning,1632,244,1655,AQ_plus_two_3m,0.01,65968.26944410877,0,1632,42,3,0.009026066973478181,0.001109452182088589,0.0,99.99097393302652,99.94947206762009,87991.222,0.23720680149813647,19,3
Madrid,working,Full,connectors_sun,41,Morning,1632,244,1655,AQ6_1,0.01,65968.26944410877,0,1632,42,1,0.0008628170835570211,0.00018187357797123897,0.0,99.99913718291644,99.95467578727522,87747.929,0.24130516215387418,19,1
Madrid,working,Full,connectors_sun,41,Morning,1632,244,1655,AQ6_2,0.01,65968.26944410877,0,1632,42,2,0.002561606888237002,0.0005252795437767023,0.0,99.99743839311175,99.97291976659226,87321.813,0.24130516215387418,19,2
Madrid,working,Full,connectors_sun,41,Morning,1632,244,1655,regional_halfhour,0.01,65968.26944410877,0,1632,42,4,0.019783434117403843,0.003065171332252107,0.0,99.98021656588259,99.99131778619135,87534.125,0.23859702382569206,19,4
Madrid,working,Full,connectors_sun,41,Morning,1632,244,1655,population,0.01,65968.26944410877,0,1632,42,151,29.038078034079906,13.270529637666673,0.0,70.9619219659201,70.71561705181747,113188.805,0.16204476985497612,21,151
Madrid,working,Full,connectors_sun,41,Afternoon,1632,244,1656,local,0.01,91110.78024637682,0,1632,49,0,0.0,0.0,0.0,100.00000000000001,99.94411886519345,111187.19399999999,0.17880366865851194,20,0
Madrid,working,Full,connectors_sun,41,Afternoon,1632,244,1656,regional,0.01,91110.78024637682,0,1632,49,7,0.07071110977907959,0.02020189070028025,0.0,99.92928889022092,100.0,111279.657,0.16862430149102417,20,7
Madrid,working,Full,connectors_sun,41,Afternoon,1632,244,1656,uniform_area,0.01,91110.78024637682,0,1632,49,3,0.017181096989200832,0.0033311056810230418,0.0,99.9828189030108,99.96048791049859,111232.059,0.17584632857505197,20,3
Madrid,working,Full,connectors_sun,41,Afternoon,1632,244,1656,uniform_stations,0.01,91110.78024637682,0,1632,49,2,0.015788455399556124,0.0014278352487276896,0.0,99.98421154460044,99.96085766879649,111119.16299999997,0.17584632857505197,20,2
Madrid,working,Full,connectors_sun,41,Afternoon,1632,244,1656,All_25,0.01,91110.78024637682,0,1632,49,12,0.3325015501165736,0.058601769675323975,0.0,99.66749844988341,99.69169987925461,110811.736,0.15112692871631425,21,12
Madrid,working,Full,connectors_sun,41,Afternoon,1632,244,1656,AQ_plus_two_3m,0.01,91110.78024637682,0,1632,49,7,0.03558518489894535,0.02020189070028025,0.0,99.96441481510105,99.95066175994093,111375.87000000001,0.17174796791931426,20,7
Madrid,working,Full,connectors_sun,41,Afternoon,1632,244,1656,AQ6_1,0.01,91110.78024637682,0,1632,49,1,0.0007881616638757518,0.0006396735848675976,0.0,99.99921183833612,99.94364068485119,111176.95599999999,0.17880366865851194,20,1
Madrid,working,Full,connectors_sun,41,Afternoon,1632,244,1656,AQ6_2,0.01,91110.78024637682,0,1632,49,2,0.003292085125765756,0.0014278352487276896,0.0,99.99670791487425,99.94072626157605,111160.942,0.1757983951419328,20,2
Madrid,working,Full,connectors_sun,41,Afternoon,1632,244,1656,regional_halfhour,0.01,91110.78024637682,0,1632,49,6,0.0620002205107752,0.014283300808535668,0.0,99.93799977948922,99.9987352438888,111243.65899999999,0.16764960726357656,20,6
Madrid,working,Full,connectors_sun,41,Afternoon,1632,244,1656,population,0.01,91110.78024637682,0,1632,49,41,1.4152268830845225,0.6818830541616406,0.0,98.58477311691547,98.61988330908008,113188.805,0.16204476985497612,21,41
Madrid,working,Full,network,21,Morning,1750,262,1655,local,0.01,58195.98659214502,0,1750,44,0,0.0,0.0,0.0,100.0,99.5011039799423,93177.958,0.31611877682136674,21,0
Madrid,working,Full,network,21,Morning,1750,262,1655,regional,0.01,58195.98659214502,0,1750,44,13,0.37824258738107974,0.09810147951813486,0.0,99.62175741261892,100.0,90728.524,0.301157315771317,21,13
Madrid,working,Full,network,21,Morning,1750,262,1655,uniform_area,0.01,58195.98659214502,0,1750,44,12,0.277000118223611,0.08533099100564967,0.0,99.72299988177639,99.96430653271783,91323.274,0.301157315771317,21,12
Madrid,working,Full,network,21,Morning,1750,262,1655,uniform_stations,0.01,58195.98659214502,0,1750,44,12,0.29997931208757794,0.08533099100564967,0.0,99.70002068791243,99.93346632132132,91924.78600000001,0.29734052187818727,21,12
Madrid,working,Full,network,21,Morning,1750,262,1655,All_25,0.01,58195.98659214502,0,1750,44,16,0.6941383394975031,0.14297557615620923,0.0,99.3058616605025,99.60021751845602,91037.977,0.31611877682136674,21,16
Madrid,working,Full,network,21,Morning,1750,262,1655,AQ_plus_two_3m,0.01,58195.98659214502,0,1750,44,5,0.14493208195954924,0.018238340990294432,0.0,99.85506791804045,99.33111933727321,94534.649,0.31230198292823697,21,5
Madrid,working,Full,network,21,Morning,1750,262,1655,AQ6_1,0.01,58195.98659214502,0,1750,44,9,0.2620828999327004,0.05264286462878326,0.0,99.73791710006729,99.80629828782709,91000.85399999999,0.3123019829282369,21,9
Madrid,working,Full,network,21,Morning,1750,262,1655,AQ6_2,0.01,58195.98659214502,0,1750,44,9,0.24633741572367057,0.05264286462878326,0.0,99.75366258427634,99.86643078676764,90558.013,0.3084851890351072,21,9
Madrid,working,Full,network,21,Morning,1750,262,1655,regional_halfhour,0.01,58195.98659214502,0,1750,44,12,0.3662225975651735,0.08533099100564967,0.0,99.63377740243483,99.99219194383626,91309.891,0.2973405218781872,21,12
Madrid,working,Full,network,21,Morning,1750,262,1655,population,0.01,58195.98659214502,0,1750,44,163,29.056435309683764,13.572458060497734,0.0,70.94356469031624,70.74325012864048,121644.94800000002,0.17242407728788567,21,163
Madrid,working,Full,network,21,Afternoon,1750,262,1656,local,0.01,94669.58549879228,0,1750,54,0,0.0,0.0,0.0,100.00000000000001,99.98456404482242,120482.29800000001,0.17875124586794405,21,0
Madrid,working,Full,network,21,Afternoon,1750,262,1656,regional,0.01,94669.58549879228,0,1750,54,4,0.029364614357614727,0.007537770881405665,0.0,99.97063538564238,100.0,120422.87100000001,0.1787512458679441,21,4
Madrid,working,Full,network,21,Afternoon,1750,262,1656,uniform_area,0.01,94669.58549879228,0,1750,54,2,0.009473048142525316,0.0023353765548873155,0.0,99.99052695185748,99.98805831666282,120502.91200000001,0.18256803976107386,21,2
Madrid,working,Full,network,21,Afternoon,1750,262,1656,uniform_stations,0.01,94669.58549879228,0,1750,54,2,0.009473048142525316,0.0023353765548873155,0.0,99.99052695185748,99.98805831666282,120502.91200000001,0.18256803976107386,21,2
Madrid,working,Full,network,21,Afternoon,1750,262,1656,All_25,0.01,94669.58549879228,0,1750,54,22,0.6016561456628865,0.17045204637027525,0.0,99.39834385433713,99.39412319587318,119771.204,0.16957724325147583,21,22
Madrid,working,Full,network,21,Afternoon,1750,262,1656,AQ_plus_two_3m,0.01,94669.58549879228,0,1750,54,7,0.08571103483072319,0.01819113640269562,0.0,99.91428896516929,99.88578965906603,120535.926,0.17025266320488333,21,7
Madrid,working,Full,network,21,Afternoon,1750,262,1656,AQ6_1,0.01,94669.58549879228,0,1750,54,2,0.003679069178046197,0.0023353765548873155,0.0,99.99632093082195,99.9766815664928,120467.035,0.17493445197481433,21,2
Madrid,working,Full,network,21,Afternoon,1750,262,1656,AQ6_2,0.01,94669.58549879228,0,1750,54,2,0.003679069178046197,0.0023353765548873155,0.0,99.99632093082195,99.9766815664928,120467.03500000002,0.17493445197481433,21,2
Madrid,working,Full,network,21,Afternoon,1750,262,1656,regional_halfhour,0.01,94669.58549879228,0,1750,54,3,0.024345420776658848,0.0046505793339509,0.0,99.97565457922335,99.99882423786964,120493.58700000001,0.17875124586794408,21,3
Madrid,working,Full,network,21,Afternoon,1750,262,1656,population,0.01,94669.58549879228,0,1750,54,32,0.8754519004385589,0.33748893408229524,0.0,99.12454809956145,99.06357023888363,121644.94800000002,0.17242407728788567,21,32
Madrid,working,Full,network,41,Morning,1750,262,1655,local,0.01,57925.770363142,0,1750,45,0,0.0,0.0,0.0,100.0,99.50944070221544,92486.78,0.31993557071449646,21,0
Madrid,working,Full,network,41,Morning,1750,262,1655,regional,0.01,57925.770363142,0,1750,45,13,0.34133827506841685,0.08944826256317251,0.0,99.65866172493158,100.0,90552.601,0.29734052187818727,21,13
Madrid,working,Full,network,41,Morning,1750,262,1655,uniform_area,0.01,57925.770363142,0,1750,45,13,0.3015821959323721,0.08944826256317251,0.0,99.69841780406763,99.98560752137392,90784.77100000001,0.29734052187818727,21,13
Madrid,working,Full,network,41,Morning,1750,262,1655,uniform_stations,0.01,57925.770363142,0,1750,45,12,0.30584795745975607,0.07593552539864695,0.0,99.69415204254025,99.93086743202394,91630.928,0.29734052187818727,21,12
Madrid,working,Full,network,41,Morning,1750,262,1655,All_25,0.01,57925.770363142,0,1750,45,15,0.5866661909605949,0.1197661358021866,0.0,99.4133338090394,99.6023150725836,90917.445,0.31611877682136674,21,15
Madrid,working,Full,network,41,Morning,1750,262,1655,AQ_plus_two_3m,0.01,57925.770363142,0,1750,45,5,0.10888607312656497,0.01349197509951147,0.0,99.89111392687344,99.41275957238905,94292.272,0.3199355707144965,21,5
Madrid,working,Full,network,41,Morning,1750,262,1655,AQ6_1,0.01,57925.770363142,0,1750,45,9,0.2323864567934723,0.044247630206678386,0.0,99.76761354320652,99.78425144028692,91026.81,0.31993557071449646,21,9
Madrid,working,Full,network,41,Morning,1750,262,1655,AQ6_2,0.01,57925.770363142,0,1750,45,9,0.2079508268493521,0.044247630206678386,0.0,99.79204917315064,99.84367173850553,90493.451,0.3123019829282369,21,9
Madrid,working,Full,network,41,Morning,1750,262,1655,regional_halfhour,0.01,57925.770363142,0,1750,45,12,0.41363559801527633,0.07593552539864695,0.0,99.58636440198472,99.98060104870441,91670.697,0.3049741096644467,21,12
Madrid,working,Full,network,41,Morning,1750,262,1655,population,0.01,57925.770363142,0,1750,45,165,28.97012849886053,13.920440744114131,0.0,71.02987150113947,70.79465104455802,121644.94800000002,0.17242407728788567,21,165
Madrid,working,Full,network,41,Afternoon,1750,262,1656,local,0.01,94604.63811171499,0,1750,54,0,0.0,0.0,0.0,100.0,99.96942584353164,120526.13000000002,0.1787512458679441,21,0
Madrid,working,Full,network,41,Afternoon,1750,262,1656,regional,0.01,94604.63811171499,0,1750,54,4,0.027358291387196358,0.005996242407536905,0.0,99.9726417086128,99.99999999999999,120437.47300000001,0.18256803976107389,21,4
Madrid,working,Full,network,41,Afternoon,1750,262,1656,uniform_area,0.01,94604.63811171499,0,1750,54,3,0.01004963315953437,0.003769752923635278,0.0,99.98995036684046,99.98761759180634,120551.024,0.18638483365420364,21,3
Madrid,working,Full,network,41,Afternoon,1750,262,1656,uniform_stations,0.01,94604.63811171499,0,1750,54,3,0.01004963315953437,0.003769752923635278,0.0,99.98995036684046,99.98761759180634,120551.024,0.18638483365420364,21,3
Madrid,working,Full,network,41,Afternoon,1750,262,1656,All_25,0.01,94604.63811171499,0,1750,54,22,0.563085688153257,0.16548855165616166,0.0,99.43691431184675,99.44113862056669,119830.616,0.16957724325147583,21,22
Madrid,working,Full,network,41,Afternoon,1750,262,1656,AQ_plus_two_3m,0.01,94604.63811171499,0,1750,54,7,0.08124523086462847,0.017329710116012236,0.0,99.91875476913538,99.88619208173289,120585.20500000002,0.17025266320488333,21,7
Madrid,working,Full,network,41,Afternoon,1750,262,1656,AQ6_1,0.01,94604.63811171499,0,1750,54,3,0.005384362739223837,0.003769752923635278,0.0,99.99461563726078,99.96801436166074,120470.26100000001,0.17493445197481433,21,3
Madrid,working,Full,network,41,Afternoon,1750,262,1656,AQ6_2,0.01,94604.63811171499,0,1750,54,3,0.005384362739223837,0.003769752923635278,0.0,99.99461563726078,99.96801436166076,120470.261,0.17493445197481433,21,3
Madrid,working,Full,network,41,Afternoon,1750,262,1656,regional_halfhour,0.01,94604.63811171499,0,1750,54,4,0.027358291387180978,0.005996242407536905,0.0,99.97264170861283,99.99999999999999,120437.47300000001,0.18256803976107389,21,4
Madrid,working,Full,network,41,Afternoon,1750,262,1656,population,0.01,94604.63811171499,0,1750,54,31,0.8561853097861947,0.3133434388052443,0.0,99.14381469021382,99.08291098452278,121644.94800000002,0.17242407728788567,21,31
