city,catalogue,layer,mode,weights,window,reachable,quota,hours,year,tolerance,optimum,mandatory,possible,max_swaps,exchanged,loss_percent,minimum_loss_same_swaps_percent,population_of_excluded,minimum_status,minimum_common_loss_percent,minimum_mip_gap
Madrid,working,Full,connectors_shade,21,Morning,1632,244,1655,2019,0.01,46300.654351449266,0,1632,41,13,0.33554796222665645,0.06656635036549302,0.0,,,
Madrid,working,Full,connectors_shade,21,Morning,1632,244,1655,2020,0.01,46499.562246376816,0,1632,41,12,0.3388495589686663,0.08362572102692964,0.0,,,
Madrid,working,Full,connectors_shade,21,Morning,1632,244,1655,2021,0.01,45898.93301086957,0,1632,40,7,0.15456408997383866,0.015902733034949268,0.0,,,
Madrid,working,Full,connectors_shade,21,Morning,1632,244,1655,2022,0.01,52991.846731884056,0,1632,49,28,1.8685811438258848,0.3273976103019712,0.0,,,
Madrid,working,Full,connectors_shade,21,Morning,1632,244,1655,2023,0.01,51549.95615217391,0,1632,43,24,1.9099122853679682,0.32197954684466074,0.0,,,
Madrid,working,Full,connectors_shade,21,Morning,1632,244,1655,2025,0.01,53988.742327272725,0,1632,52,40,2.9902678485266954,0.5895231367742859,0.0,,,
Madrid,working,Full,connectors_shade,21,Afternoon,1632,244,1656,2019,0.01,83813.64357246377,0,1632,52,10,0.14938254821661567,0.024755269660031512,0.0,,,
Madrid,working,Full,connectors_shade,21,Afternoon,1632,244,1656,2020,0.01,82430.55839130434,0,1632,51,5,0.028826714513230607,0.007981900754675704,0.0,,,
Madrid,working,Full,connectors_shade,21,Afternoon,1632,244,1656,2021,0.01,82585.58559420292,0,1632,51,8,0.06911242653697633,0.016633390088426576,0.0,,,
Madrid,working,Full,connectors_shade,21,Afternoon,1632,244,1656,2022,0.01,90786.7682826087,0,1632,49,1,0.007129729994491291,0.00031879126807794707,0.0,,,
Madrid,working,Full,connectors_shade,21,Afternoon,1632,244,1656,2023,0.01,87999.9673115942,0,1632,49,5,0.03459976993407692,0.012726684569340885,0.0,,,
Madrid,working,Full,connectors_shade,21,Afternoon,1632,244,1656,2025,0.01,96636.41968115943,0,1632,50,9,0.11899733544782753,0.030418610932323894,0.0,,,
Madrid,working,Full,connectors_sun,21,Morning,1632,244,1655,2019,0.01,64827.599663043475,0,1632,40,6,0.07449045940708444,0.018661502833217897,0.0,optimal,0.024264971451174233,0.0
Madrid,working,Full,connectors_sun,21,Morning,1632,244,1655,2020,0.01,64993.337818840584,0,1632,40,6,0.054353954514292854,0.019586466825580316,0.0,optimal,0.020558333438231102,0.0
Madrid,working,Full,connectors_sun,21,Morning,1632,244,1655,2021,0.01,64881.37442028985,0,1632,40,4,0.06304786112513822,0.007395101477320755,0.0,optimal,0.015913420884686502,0.0
Madrid,working,Full,connectors_sun,21,Morning,1632,244,1655,2022,0.01,68169.68068840579,0,1632,46,13,0.5767542954929288,0.08544571703366478,0.0,optimal,0.19732053681522643,0.0
Madrid,working,Full,connectors_sun,21,Morning,1632,244,1655,2023,0.01,67676.24000724638,0,1632,46,9,0.18963243977313443,0.03879519135339551,0.0,optimal,0.10280037890990457,0.0
Madrid,working,Full,connectors_sun,21,Morning,1632,244,1655,2025,0.01,68671.03576727273,0,1632,47,21,0.7186480587347347,0.17041619123522156,0.0,optimal,0.28477338979766387,0.0
Madrid,working,Full,connectors_sun,21,Afternoon,1632,244,1656,2019,0.01,88415.85865217392,0,1632,49,9,0.15859374946972873,0.039054042925879086,0.0,optimal,0.040673400795697034,0.0
Madrid,working,Full,connectors_sun,21,Afternoon,1632,244,1656,2020,0.01,87145.82414855073,0,1632,50,6,0.07227958645153783,0.008568330269339204,0.0,optimal,0.009877708414535391,0.0
Madrid,working,Full,connectors_sun,21,Afternoon,1632,244,1656,2021,0.01,87479.7374673913,0,1632,50,8,0.1040751567721378,0.022910344727270167,0.0,optimal,0.014531849638643735,0.0
Madrid,working,Full,connectors_sun,21,Afternoon,1632,244,1656,2022,0.01,94033.50744927538,0,1632,51,3,0.00438668793034622,0.0015257396652071818,0.0,optimal,0.002048668431996248,0.0
Madrid,working,Full,connectors_sun,21,Afternoon,1632,244,1656,2023,0.01,91741.65241666666,0,1632,49,4,0.029744490357108015,0.011911398454526672,0.0,optimal,0.0047715907840881755,0.0
Madrid,working,Full,connectors_sun,21,Afternoon,1632,244,1656,2025,0.01,98775.83978985508,0,1632,51,8,0.11337131023778517,0.029208049699391163,0.0,optimal,0.031716624617416755,0.0
Madrid,working,Full,network,21,Morning,1750,262,1655,2019,0.01,55861.363224637695,0,1750,36,9,0.279128344798383,0.08014176529968778,0.0,optimal,0.05885309524606441,0.0
Madrid,working,Full,network,21,Morning,1750,262,1655,2020,0.01,56074.41325724638,0,1750,38,8,0.26828352595208615,0.059426436099199786,0.0,optimal,0.06313992700306414,0.0
Madrid,working,Full,network,21,Morning,1750,262,1655,2021,0.01,55663.08809057972,0,1750,36,3,0.046635658775973136,0.007688231812458482,0.0,optimal,0.009277034809088036,0.0
Madrid,working,Full,network,21,Morning,1750,262,1655,2022,0.01,61731.919630434786,0,1750,45,27,2.235629360875159,0.3707653574260923,0.0,optimal,0.4306412331866625,0.0
Madrid,working,Full,network,21,Morning,1750,262,1655,2023,0.01,60576.2277210145,0,1750,46,22,1.3752003452414243,0.20962964625148894,0.0,optimal,0.3166949934854273,0.0
Madrid,working,Full,network,21,Morning,1750,262,1655,2025,0.01,62705.440021818176,0,1750,48,37,2.5915645413308113,0.5796885012338115,0.0,optimal,0.5546846391872862,0.0
Madrid,working,Full,network,21,Afternoon,1750,262,1656,2019,0.01,91067.64144565217,0,1750,56,10,0.10871380067746746,0.027108174726422306,0.0,optimal,0.030594427116056977,0.0
Madrid,working,Full,network,21,Afternoon,1750,262,1656,2020,0.01,89606.66636956521,0,1750,54,7,0.05053880825960988,0.01464070030699994,0.0,optimal,0.0073479400974036935,0.0
Madrid,working,Full,network,21,Afternoon,1750,262,1656,2021,0.01,89827.0925905797,0,1750,55,6,0.036307535602684286,0.012233160076849573,0.0,optimal,0.01382891100823258,2.602542337238798e-09
Madrid,working,Full,network,21,Afternoon,1750,262,1656,2022,0.01,98305.78189130436,0,1750,53,3,0.009756967351203986,0.005727706507530199,0.0,optimal,0.002764400185952809,0.0
Madrid,working,Full,network,21,Afternoon,1750,262,1656,2023,0.01,95402.54919565217,0,1750,54,3,0.02192823017422858,0.0014590843063676418,0.0,optimal,0.00582343418514597,0.0
Madrid,working,Full,network,21,Afternoon,1750,262,1656,2025,0.01,104307.60901449274,0,1750,54,10,0.07892482495178627,0.029442239801071114,0.0,optimal,0.023926120758147817,0.0
