city,mode,window,weights,quota,status,mip_gap,objective,local_capture,regional_capture,selected_population,district_TV,represented_districts,swaps_from_local,frozen21_local_capture,frozen21_regional_capture,local_top_TV
Madrid,connectors_shade,Afternoon,41,244,optimal,0.0,31.035319098650145,99.00343075600388,99.03673872664427,111427.193,0.06359696536616485,21,29,99.00664442223008,99.02784189897355,0.17825114739401782
Madrid,connectors_shade,Morning,41,244,optimal,0.0,112.39457467319917,99.00041179205874,99.0051518448597,89676.30600000001,0.2303167513795072,20,26,98.86183525493021,98.82195069260524,0.33370004079825544
Madrid,connectors_sun,Afternoon,41,244,optimal,0.0,31.03531909867277,99.009799998393,99.08318011425497,110813.32699999999,0.06359696536616484,21,30,98.96297572575529,99.03849001530978,0.17880366865851194
Madrid,connectors_sun,Morning,41,244,optimal,0.0,65.43615620358777,99.00173158255468,99.0007193596355,88523.89000000001,0.13409048402385612,20,27,98.69295841185156,98.70102921475556,0.24130516215387418
Madrid,network,Afternoon,41,262,optimal,0.0,34.9974700695895,99.00533628388622,99.003352164211,119636.69700000001,0.06678906501895693,21,30,98.99468213069795,99.01263471896617,0.1787512458679441
Madrid,network,Morning,41,262,optimal,0.0,111.80643346412079,99.00032584520365,99.004564572187,93584.621,0.21337105622933228,21,28,98.90030992937743,98.85600246684089,0.31993557071449646
Valencia,connectors_shade,Afternoon,41,59,optimal,0.0,21.965474484913695,99.03432917959375,99.04366114388745,24422.351,0.18614808885520093,16,9,98.54398018013785,98.69581881287293,0.3106285547985642
Valencia,connectors_shade,Morning,41,59,optimal,0.0,31.68385204374751,99.02067985668457,99.1373215020323,21471.047000000002,0.2685072207097247,17,7,98.81834120801578,98.75776456329613,0.37155542008401554
Valencia,connectors_sun,Afternoon,41,59,optimal,1.6607273002109074e-16,21.392516871067976,99.00992924157242,99.00651790749549,21525.448000000004,0.18129251585650827,18,5,98.77332622814055,99.16319810485959,0.2660382785683727
Valencia,connectors_sun,Morning,41,59,optimal,0.0,23.010262110628474,99.05246173297871,99.0619359006518,20816.097999999998,0.1950022212765127,17,7,98.98723353373995,98.99739753871538,0.303758809914524
Valencia,network,Afternoon,41,66,optimal,0.0,25.606618361288323,99.00434004117176,99.34255328654088,26082.664,0.19398953304006314,17,9,98.91671633366914,99.10796407346321,0.32167894746078435
Valencia,network,Morning,41,66,optimal,0.0,36.127174739230725,99.0222338586074,99.17935233018557,23432.183,0.27369071772144493,16,8,98.89849788576862,99.10689597440025,0.38105218185565254
