city,mode,reachable,route_evaluations,changed_solar_pass,max_fraction_improvement,window,priority_swaps_21_41
Madrid,connectors_shade,1632.0,29376.0,40.0,0.44264894865034643,,
Madrid,connectors_sun,1632.0,29376.0,84.0,0.8599556560038628,,
Madrid,network,1750.0,31500.0,56.0,0.6123290471306274,,
Madrid,network,,,,,Morning,5.0
Madrid,network,,,,,Afternoon,1.0
Madrid,connectors_sun,,,,,Morning,3.0
Madrid,connectors_sun,,,,,Afternoon,1.0
Madrid,connectors_shade,,,,,Morning,4.0
Madrid,connectors_shade,,,,,Afternoon,0.0
Valencia,connectors_shade,398.0,7164.0,10.0,0.28184330828571014,,
Valencia,connectors_sun,398.0,7164.0,17.0,0.5430385826378844,,
Valencia,network,442.0,7956.0,11.0,0.42125204073524447,,
Valencia,network,,,,,Morning,1.0
Valencia,network,,,,,Afternoon,1.0
Valencia,connectors_sun,,,,,Morning,1.0
Valencia,connectors_sun,,,,,Afternoon,2.0
Valencia,connectors_shade,,,,,Morning,1.0
Valencia,connectors_shade,,,,,Afternoon,1.0
