ventana,umbral_c,presupuesto_sol_min,pct_cumplen_solar,solar_saturada,cobertura_A,cobertura_B,cobertura_C,cobertura_D,efecto_met_sin_sombra_pp,efecto_met_con_sombra_pp,efecto_sombra_era5_pp,efecto_sombra_avamet_pp,interaccion_pp,jaccard_met_sin_sombra,jaccard_met_con_sombra,jaccard_sombra_en_avamet,pob65_recl_met_sin_sombra,pob65_recl_met_con_sombra,pob65_recl_sombra
manana_10_12,28.0,3.0,23.0,True,38.28,37.34,8.87,8.59,-0.93,-0.28,-29.41,-28.75,0.66,0.688,1.0,0.588,5518,0,7963
manana_10_12,28.0,5.0,55.6,True,38.28,37.34,21.25,20.62,-0.93,-0.63,-17.03,-16.72,0.31,0.688,1.0,0.266,5518,0,15965
manana_10_12,28.0,8.0,83.2,False,38.28,37.34,32.19,31.38,-0.93,-0.81,-6.09,-5.97,0.12,0.688,0.78,0.339,5518,4386,11342
manana_10_12,30.0,3.0,23.0,True,55.43,58.3,12.82,13.4,2.87,0.58,-42.61,-44.9,-2.29,0.473,1.0,0.446,10258,0,12537
manana_10_12,30.0,5.0,55.6,True,55.43,58.3,30.75,32.22,2.87,1.47,-24.68,-26.08,-1.4,0.473,1.0,0.256,10258,0,16994
manana_10_12,30.0,8.0,83.2,False,55.43,58.3,46.61,48.99,2.87,2.39,-8.83,-9.31,-0.48,0.473,0.862,0.165,10258,2676,14881
manana_10_12,32.0,3.0,23.0,True,64.7,65.91,14.94,15.21,1.21,0.27,-49.75,-50.7,-0.94,0.514,1.0,0.409,8665,0,13765
manana_10_12,32.0,5.0,55.6,True,64.7,65.91,35.87,36.52,1.21,0.66,-28.83,-29.39,-0.56,0.514,1.0,0.237,8665,0,17699
manana_10_12,32.0,8.0,83.2,False,64.7,65.91,54.38,55.4,1.21,1.02,-10.31,-10.51,-0.19,0.514,0.82,0.174,8665,3377,14622
tarde_16_18,28.0,3.0,38.8,True,31.49,32.37,11.81,12.2,0.89,0.39,-19.68,-20.18,-0.5,0.688,1.0,0.528,5512,0,9221
tarde_16_18,28.0,5.0,69.1,False,31.49,32.37,21.71,22.3,0.89,0.59,-9.77,-10.08,-0.3,0.688,0.929,0.266,5512,1038,15127
tarde_16_18,28.0,8.0,88.9,False,31.49,32.37,28.12,28.91,0.89,0.79,-3.36,-3.47,-0.1,0.688,0.8,0.514,5512,3669,7372
tarde_16_18,30.0,3.0,38.8,True,49.96,51.35,18.72,19.32,1.39,0.6,-31.23,-32.03,-0.8,0.5,1.0,0.473,9558,0,11325
tarde_16_18,30.0,5.0,69.1,False,49.96,51.35,34.42,35.35,1.39,0.93,-15.54,-16.0,-0.46,0.5,1.0,0.191,9558,0,17538
tarde_16_18,30.0,8.0,88.9,False,49.96,51.35,44.61,45.83,1.39,1.23,-5.35,-5.52,-0.17,0.5,0.742,0.361,9558,4903,10272
tarde_16_18,32.0,3.0,38.8,True,62.22,65.7,23.31,24.63,3.48,1.32,-38.9,-41.07,-2.16,0.473,1.0,0.409,9811,0,13438
tarde_16_18,32.0,5.0,69.1,False,62.22,65.7,42.85,45.24,3.48,2.39,-19.36,-20.46,-1.09,0.473,1.0,0.2,9811,0,17248
tarde_16_18,32.0,8.0,88.9,False,62.22,65.7,55.55,58.65,3.48,3.1,-6.66,-7.05,-0.38,0.473,0.688,0.35,9811,5742,10372
