fecha,ventana,umbral_c,presupuesto_sol_min,exposicion_mediana_min,pct_cumplen_solar,cobertura_C_pct,cobertura_D_pct,jaccard,pob65_reclasificada
06-15,manana_10_12,30.0,5.0,2.52,81.7,45.6,47.86,0.906,1559
06-15,manana_10_12,30.0,8.0,2.52,97.5,54.16,56.93,0.486,10236
06-15,tarde_16_18,30.0,5.0,1.61,93.1,46.81,48.07,0.653,6622
06-15,tarde_16_18,30.0,8.0,1.61,99.5,49.68,51.06,0.5,9586
07-15,manana_10_12,30.0,5.0,2.3,85.9,47.89,50.33,0.761,4667
07-15,manana_10_12,30.0,8.0,2.3,97.8,54.26,57.04,0.486,10221
07-15,tarde_16_18,30.0,5.0,1.5,94.3,47.37,48.65,0.653,6426
07-15,tarde_16_18,30.0,8.0,1.5,99.8,49.85,51.24,0.5,9586
08-15,manana_10_12,30.0,5.0,1.83,91.6,51.32,53.92,0.62,7472
08-15,manana_10_12,30.0,8.0,1.83,99.0,55.0,57.83,0.473,10435
08-15,tarde_16_18,30.0,5.0,1.0,98.0,48.92,50.28,0.543,8608
08-15,tarde_16_18,30.0,8.0,1.0,99.8,49.85,51.24,0.5,9586
