ventana,umbral_c,presupuesto_sol_min,fecha_a,fecha_b,jaccard_top20
manana_10_12,30.0,5.0,06-15,07-15,0.67
manana_10_12,30.0,5.0,06-15,08-15,0.409
manana_10_12,30.0,5.0,07-15,08-15,0.636
manana_10_12,30.0,8.0,06-15,07-15,0.976
manana_10_12,30.0,8.0,06-15,08-15,0.884
manana_10_12,30.0,8.0,07-15,08-15,0.906
tarde_16_18,30.0,5.0,06-15,07-15,0.884
tarde_16_18,30.0,5.0,06-15,08-15,0.636
tarde_16_18,30.0,5.0,07-15,08-15,0.688
tarde_16_18,30.0,8.0,06-15,07-15,1.0
tarde_16_18,30.0,8.0,06-15,08-15,1.0
tarde_16_18,30.0,8.0,07-15,08-15,1.0
