ventana,phi_max,capa_sombra,pct_cumplen,phi_mediana,jaccard,pob65_reclasificada,saturada
manana_10_12,0.1,solo_edificios,0.2,0.473,1.0,0,True
manana_10_12,0.1,edificios_vegetacion,14.8,0.21,1.0,0,True
manana_10_12,0.2,solo_edificios,4.9,0.473,1.0,0,True
manana_10_12,0.2,edificios_vegetacion,46.2,0.21,1.0,0,True
manana_10_12,0.3,solo_edificios,15.6,0.473,1.0,0,True
manana_10_12,0.3,edificios_vegetacion,69.4,0.21,1.0,0,False
manana_10_12,0.4,solo_edificios,35.1,0.473,1.0,0,True
manana_10_12,0.4,edificios_vegetacion,86.4,0.21,0.742,4996,False
manana_10_12,0.5,solo_edificios,55.3,0.473,1.0,0,True
manana_10_12,0.5,edificios_vegetacion,93.6,0.21,0.62,7135,False
manana_10_12,0.6,solo_edificios,69.9,0.473,1.0,0,False
manana_10_12,0.6,edificios_vegetacion,96.8,0.21,0.528,9160,False
manana_10_12,0.7,solo_edificios,83.5,0.473,0.841,3160,False
manana_10_12,0.7,edificios_vegetacion,98.3,0.21,0.486,10130,False
manana_10_12,1.0,solo_edificios,99.8,0.473,0.486,9897,False
manana_10_12,1.0,edificios_vegetacion,99.8,0.21,0.486,9897,False
tarde_16_18,0.1,solo_edificios,2.5,0.345,1.0,0,True
tarde_16_18,0.1,edificios_vegetacion,37.8,0.126,1.0,0,True
tarde_16_18,0.2,solo_edificios,17.8,0.345,1.0,0,True
tarde_16_18,0.2,edificios_vegetacion,71.4,0.126,1.0,0,False
tarde_16_18,0.3,solo_edificios,39.0,0.345,1.0,0,True
tarde_16_18,0.3,edificios_vegetacion,86.9,0.126,0.761,4653,False
tarde_16_18,0.4,solo_edificios,57.5,0.345,1.0,0,True
tarde_16_18,0.4,edificios_vegetacion,96.3,0.126,0.573,8140,False
tarde_16_18,0.5,solo_edificios,70.9,0.345,1.0,0,False
tarde_16_18,0.5,edificios_vegetacion,98.3,0.126,0.543,8584,False
tarde_16_18,0.6,solo_edificios,84.4,0.345,0.841,3128,False
tarde_16_18,0.6,edificios_vegetacion,99.5,0.126,0.514,9268,False
tarde_16_18,0.7,solo_edificios,90.6,0.345,0.705,5565,False
tarde_16_18,0.7,edificios_vegetacion,99.5,0.126,0.514,9268,False
tarde_16_18,1.0,solo_edificios,99.8,0.345,0.5,9586,False
tarde_16_18,1.0,edificios_vegetacion,99.8,0.126,0.5,9586,False
