ventana,k_pct,representacion,descripcion,regret_pct,regret_ic_lo,regret_ic_hi,eficiencia_pct,eficiencia_ic_lo,eficiencia_ic_hi
manana_10_12,5,R1_era5_sin_sombra,"ERA5 corregido, sin sombra",65.03,58.6,71.42,34.97,28.58,41.4
manana_10_12,5,R2_era5_sombra_completa,ERA5 corregido + sombra completa,0.0,0.0,0.0,100.0,100.0,100.0
manana_10_12,5,R3_local_sin_sombra,"meteorologia local, sin sombra",76.19,66.53,83.71,23.81,16.29,33.47
manana_10_12,5,R4_local_sombra_edificios,local + sombra de edificios,63.65,58.87,68.6,36.35,31.4,41.13
manana_10_12,5,R5_local_sombra_completa,referencia de informacion completa,0.0,0.0,0.0,100.0,100.0,100.0
manana_10_12,10,R1_era5_sin_sombra,"ERA5 corregido, sin sombra",62.09,56.28,68.0,37.91,32.0,43.72
manana_10_12,10,R2_era5_sombra_completa,ERA5 corregido + sombra completa,0.0,0.0,0.0,100.0,100.0,100.0
manana_10_12,10,R3_local_sin_sombra,"meteorologia local, sin sombra",71.54,65.15,78.64,28.46,21.36,34.85
manana_10_12,10,R4_local_sombra_edificios,local + sombra de edificios,60.95,55.72,66.11,39.05,33.89,44.28
manana_10_12,10,R5_local_sombra_completa,referencia de informacion completa,0.0,0.0,0.0,100.0,100.0,100.0
manana_10_12,15,R1_era5_sin_sombra,"ERA5 corregido, sin sombra",58.77,51.89,64.47,41.23,35.53,48.11
manana_10_12,15,R2_era5_sombra_completa,ERA5 corregido + sombra completa,0.66,0.4,1.0,99.34,99.0,99.6
manana_10_12,15,R3_local_sin_sombra,"meteorologia local, sin sombra",67.03,58.82,73.61,32.97,26.39,41.18
manana_10_12,15,R4_local_sombra_edificios,local + sombra de edificios,53.66,48.31,59.07,46.34,40.93,51.69
manana_10_12,15,R5_local_sombra_completa,referencia de informacion completa,0.0,0.0,0.0,100.0,100.0,100.0
manana_10_12,20,R1_era5_sin_sombra,"ERA5 corregido, sin sombra",51.8,45.86,57.72,48.2,42.28,54.14
manana_10_12,20,R2_era5_sombra_completa,ERA5 corregido + sombra completa,1.44,0.9,2.23,98.56,97.77,99.1
manana_10_12,20,R3_local_sin_sombra,"meteorologia local, sin sombra",56.55,49.11,64.94,43.45,35.06,50.89
manana_10_12,20,R4_local_sombra_edificios,local + sombra de edificios,45.22,40.36,50.35,54.78,49.65,59.64
manana_10_12,20,R5_local_sombra_completa,referencia de informacion completa,0.0,0.0,0.0,100.0,100.0,100.0
manana_10_12,25,R1_era5_sin_sombra,"ERA5 corregido, sin sombra",44.55,39.06,50.39,55.45,49.61,60.94
manana_10_12,25,R2_era5_sombra_completa,ERA5 corregido + sombra completa,2.05,1.3,3.1,97.95,96.9,98.7
manana_10_12,25,R3_local_sin_sombra,"meteorologia local, sin sombra",47.92,40.33,56.71,52.08,43.29,59.67
manana_10_12,25,R4_local_sombra_edificios,local + sombra de edificios,34.22,30.44,38.38,65.78,61.62,69.56
manana_10_12,25,R5_local_sombra_completa,referencia de informacion completa,0.0,0.0,0.0,100.0,100.0,100.0
tarde_16_18,5,R1_era5_sin_sombra,"ERA5 corregido, sin sombra",49.34,40.27,58.07,50.66,41.93,59.73
tarde_16_18,5,R2_era5_sombra_completa,ERA5 corregido + sombra completa,2.13,1.5,4.64,97.87,95.36,98.5
tarde_16_18,5,R3_local_sin_sombra,"meteorologia local, sin sombra",45.03,35.32,53.84,54.97,46.16,64.68
tarde_16_18,5,R4_local_sombra_edificios,local + sombra de edificios,46.26,38.3,53.78,53.74,46.22,61.7
tarde_16_18,5,R5_local_sombra_completa,referencia de informacion completa,0.0,0.0,0.0,100.0,100.0,100.0
tarde_16_18,10,R1_era5_sin_sombra,"ERA5 corregido, sin sombra",29.76,23.57,36.29,70.24,63.71,76.43
tarde_16_18,10,R2_era5_sombra_completa,ERA5 corregido + sombra completa,3.53,2.35,5.04,96.47,94.96,97.65
tarde_16_18,10,R3_local_sin_sombra,"meteorologia local, sin sombra",32.48,25.01,39.99,67.52,60.01,74.99
tarde_16_18,10,R4_local_sombra_edificios,local + sombra de edificios,35.22,29.73,40.74,64.78,59.26,70.27
tarde_16_18,10,R5_local_sombra_completa,referencia de informacion completa,0.0,0.0,0.0,100.0,100.0,100.0
tarde_16_18,15,R1_era5_sin_sombra,"ERA5 corregido, sin sombra",26.12,20.86,31.92,73.88,68.08,79.14
tarde_16_18,15,R2_era5_sombra_completa,ERA5 corregido + sombra completa,5.63,3.96,7.78,94.37,92.22,96.04
tarde_16_18,15,R3_local_sin_sombra,"meteorologia local, sin sombra",23.29,16.72,31.31,76.71,68.69,83.28
tarde_16_18,15,R4_local_sombra_edificios,local + sombra de edificios,26.88,23.01,30.94,73.12,69.06,76.99
tarde_16_18,15,R5_local_sombra_completa,referencia de informacion completa,0.0,0.0,0.0,100.0,100.0,100.0
tarde_16_18,20,R1_era5_sin_sombra,"ERA5 corregido, sin sombra",24.09,19.1,29.38,75.91,70.62,80.9
tarde_16_18,20,R2_era5_sombra_completa,ERA5 corregido + sombra completa,6.5,4.17,9.11,93.5,90.89,95.83
tarde_16_18,20,R3_local_sin_sombra,"meteorologia local, sin sombra",18.08,13.77,22.79,81.92,77.21,86.23
tarde_16_18,20,R4_local_sombra_edificios,local + sombra de edificios,23.43,20.72,26.52,76.57,73.48,79.28
tarde_16_18,20,R5_local_sombra_completa,referencia de informacion completa,0.0,0.0,0.0,100.0,100.0,100.0
tarde_16_18,25,R1_era5_sin_sombra,"ERA5 corregido, sin sombra",17.94,14.18,22.26,82.06,77.74,85.82
tarde_16_18,25,R2_era5_sombra_completa,ERA5 corregido + sombra completa,6.11,4.06,8.22,93.89,91.78,95.94
tarde_16_18,25,R3_local_sin_sombra,"meteorologia local, sin sombra",16.07,11.46,20.42,83.93,79.58,88.54
tarde_16_18,25,R4_local_sombra_edificios,local + sombra de edificios,21.14,19.2,23.5,78.86,76.5,80.8
tarde_16_18,25,R5_local_sombra_completa,referencia de informacion completa,0.0,0.0,0.0,100.0,100.0,100.0
