station_id,year,slots,cobertura_pct
c11m051e01,2023,26258,100.0
c11m051e01,2025,25785,100.0
c11m070e02,2019,24043,100.0
c11m070e02,2020,11851,89.46
c11m070e02,2021,11088,83.7
c11m070e02,2022,13379,100.0
c11m070e02,2023,13248,100.0
c11m070e02,2025,13248,100.0
c11m070e03,2019,10645,80.35
c11m070e03,2020,23648,100.0
c11m070e03,2021,11058,83.47
c11m070e03,2022,13387,100.0
c11m070e03,2023,13248,100.0
c11m070e03,2025,12955,97.79
c11m070e04,2023,12857,97.05
c11m070e04,2025,9658,72.9
c11m116e02,2019,13209,99.71
c11m116e02,2020,13247,99.99
c11m116e02,2021,11085,83.67
c11m116e02,2022,13382,100.0
c11m116e02,2023,13247,99.99
c11m116e02,2025,13247,99.99
c11m116e04,2020,23632,100.0
c11m116e04,2021,19082,100.0
c11m116e04,2022,23262,100.0
c11m116e04,2023,23136,100.0
c11m116e04,2025,21836,100.0
c11m161e01,2020,12986,98.02
c11m161e01,2021,11004,83.06
c11m161e01,2022,13153,99.28
c11m161e01,2023,13136,99.15
c11m161e01,2025,13186,99.53
c11m178e03,2025,13248,100.0
c11m202e03,2021,4258,32.14
c11m202e03,2022,24953,100.0
c11m202e03,2023,23733,100.0
c11m202e03,2025,13247,99.99
c11m202e04,2022,13247,99.99
c11m202e04,2023,26496,100.0
c11m202e04,2025,26496,100.0
c11m214e04,2021,7349,100.0
c11m214e04,2022,8808,100.0
c11m214e04,2023,8799,100.0
c11m214e04,2025,8768,100.0
c11m214e05,2025,24999,100.0
c11m228e01,2022,13389,100.0
c11m228e01,2023,13247,99.99
c11m228e01,2025,13248,100.0
c11m256e02,2019,24567,100.0
c11m256e02,2020,25987,100.0
c11m256e02,2021,22176,100.0
c11m256e02,2022,26487,100.0
c11m256e02,2023,13248,100.0
c11m256e02,2025,13248,100.0
c11m256e04,2020,7697,58.1
c11m256e04,2021,11071,83.57
c11m256e04,2022,13517,100.0
c11m256e04,2023,13248,100.0
c11m256e04,2025,13229,99.86
c11m256e05,2021,10729,80.99
c11m256e05,2022,13391,100.0
c11m256e05,2023,13245,99.98
c11m256e05,2025,13248,100.0
c11m256e06,2022,7657,57.8
c11m256e06,2023,13051,98.51
c11m256e06,2025,13314,100.0
c12m220e08,2025,26289,100.0
c13m009e01,2019,12489,94.27
c13m009e01,2020,13248,100.0
c13m009e01,2021,11076,83.61
c13m009e01,2022,13380,100.0
c13m009e01,2023,12052,90.97
c13m009e01,2025,13173,99.43
c13m009e02,2022,14405,100.0
c13m009e02,2023,25668,100.0
c13m009e02,2025,24762,100.0
c13m032e01,2019,26093,100.0
c13m032e01,2020,26116,100.0
c13m032e01,2021,21145,100.0
c13m032e01,2022,25953,100.0
c13m032e01,2023,26290,100.0
c13m032e01,2025,26496,100.0
c13m171e02,2022,2643,19.95
c13m171e02,2023,3273,24.71
c13m171e02,2025,14118,100.0
c13m190e01,2023,25253,100.0
c13m190e01,2025,26240,100.0
c13m199e01,2025,13248,100.0
c13m199e02,2025,12185,91.98
c13m205e03,2019,18759,100.0
c13m205e03,2020,24326,100.0
c13m205e03,2021,20564,100.0
c13m205e03,2022,14796,100.0
c13m205e03,2023,24680,100.0
c13m205e03,2025,11154,84.19
c13m205e04,2022,11226,84.74
c13m205e04,2023,10915,82.39
c13m205e04,2025,13035,98.39
c15m250e08,2019,22438,100.0
c15m250e08,2020,6112,46.14
c15m250e08,2021,11053,83.43
c15m250e08,2022,13149,99.25
c15m250e08,2023,13223,99.81
c15m250e08,2025,13155,99.3
c15m250e11,2021,10903,82.3
c15m250e11,2022,11946,90.17
c15m250e11,2023,12568,94.87
c15m250e11,2025,25362,100.0
c15m250e15,2019,8558,64.6
c15m250e15,2020,12588,95.02
c15m250e15,2021,10304,77.78
c15m250e15,2022,12414,93.7
c15m250e15,2023,13247,99.99
c15m250e15,2025,13240,99.94
c15m250e16,2019,13248,100.0
c15m250e16,2020,12978,97.96
c15m250e16,2021,11088,83.7
c15m250e16,2022,13781,100.0
c15m250e16,2023,13247,99.99
c15m250e16,2025,13247,99.99
c15m250e24,2019,26171,100.0
c15m250e24,2020,26497,100.0
c15m250e24,2021,11086,83.68
c15m250e24,2022,11733,88.56
c15m250e24,2023,8914,67.29
c15m250e24,2025,13248,100.0
c15m250e26,2019,26211,100.0
c15m250e26,2020,26036,100.0
c15m250e26,2021,22107,100.0
c15m250e26,2022,26099,100.0
c15m250e26,2023,20351,100.0
c15m250e26,2025,24573,100.0
c15m250e30,2019,23805,100.0
c15m250e30,2020,2438,18.4
c15m250e30,2021,10781,81.38
c15m250e30,2022,19303,100.0
c15m250e30,2023,17834,100.0
c15m250e30,2025,13496,100.0
c15m250e36,2025,13248,100.0
c15m250e37,2025,25534,100.0
c16m007e02,2022,6375,48.12
c16m007e02,2023,8370,63.18
c16m007e02,2025,22736,100.0
c16m021e02,2023,26085,100.0
c16m021e02,2025,25343,100.0
c16m021e03,2025,17603,100.0
c16m094e05,2025,13248,100.0
c16m102e01,2023,13248,100.0
c16m102e01,2025,13248,100.0
c16m159e04,2023,13248,100.0
c16m159e04,2025,10837,81.8
c16m165e01,2022,13451,100.0
c16m165e01,2023,13247,99.99
c16m165e01,2025,13247,99.99
c16m186e02,2025,13248,100.0
c16m244e01,2023,25743,100.0
c16m244e01,2025,26313,100.0
c16m244e03,2023,13227,99.84
c16m244e03,2025,13136,99.15
c18m111e01,2019,25366,100.0
c18m111e01,2020,26282,100.0
c18m111e01,2021,21738,100.0
c18m111e01,2022,26322,100.0
c18m111e01,2023,26253,100.0
c18m111e01,2025,25811,100.0
c18m111e03,2019,25717,100.0
c18m111e03,2020,26285,100.0
c18m111e03,2021,22038,100.0
c18m111e03,2022,26257,100.0
c18m111e03,2023,26094,100.0
c18m111e03,2025,15315,100.0
c18m111e04,2025,20100,100.0
c20m031e01,2021,22081,100.0
c20m031e01,2022,26338,100.0
c20m031e01,2023,25985,100.0
c20m031e01,2025,24505,100.0
c20m031e02,2022,26388,100.0
c20m031e02,2023,25935,100.0
c20m031e02,2025,26227,100.0
c20m060e04,2022,11379,85.89
c20m060e04,2023,13247,99.99
c20m060e04,2025,11970,90.35
c20m085e02,2019,25416,100.0
c20m085e02,2020,15175,100.0
c20m085e02,2021,21662,100.0
c20m085e02,2022,26086,100.0
c20m085e02,2023,25871,100.0
c20m085e02,2025,26142,100.0
c20m172e01,2019,13248,100.0
c20m172e01,2020,13248,100.0
c20m172e01,2021,11088,83.7
c20m172e01,2022,13529,100.0
c20m172e01,2023,13248,100.0
c20m172e01,2025,13248,100.0
c20m248e02,2019,13169,99.4
c20m248e02,2020,12903,97.4
c20m248e02,2021,11212,84.63
c20m248e02,2022,13464,100.0
c20m248e02,2023,13019,98.27
c20m248e02,2025,13248,100.0
c21m233e01,2019,3259,24.6
c21m233e01,2021,6465,48.8
c21m233e01,2022,13095,98.85
c21m233e01,2023,12165,91.83
c21m233e01,2025,13118,99.02
c21m235e09,2023,5962,45.0
c21m235e09,2025,9301,70.21
