station_id,nombre,ambito,lat,lon,alt_m,km_centro,km_costa,cadencia_min,primer_dia,ultimo_dia,n_partes,n_temp_validas,hueco_max_h,cob_2019,cob_2020,cob_2021,cob_2022,cob_2023,cob_2025,veranos_utiles,cobertura_mediana,t_min,t_max,centinela_0c,centinela_pct,picos,enmascarado_pct,rh_imposibles,racha_plana_max_pasos,frac_plana_pct,duplicados,rango_diurno_medio,rango_diurno_p95,decision,motivo
c13m032e01,Almàssera,metropolitano,39.516,-0.347,11.0,5.108,2.724,5.0,2019-06-01,2025-08-31,152103,152093,15336.083,100.0,100.0,100.0,100.0,100.0,100.0,6,100.0,12.3,42.4,10,0.007,0,0.007,0,38,1.15,0,9.5,14.52,usar,
c16m102e01,Quart de Poblet,metropolitano,39.482,-0.442,42.0,5.71,10.423,10.0,2023-06-01,2025-08-31,26496,26496,15336.167,0.0,0.0,0.0,0.0,100.0,100.0,2,0.0,16.9,45.4,0,0.0,0,0.0,0,14,0.1,0,8.09,12.2,usar,
c16m186e02,Paiporta,metropolitano,39.429,-0.418,23.0,6.236,7.824,10.0,2025-06-01,2025-08-31,13248,13248,0.167,0.0,0.0,0.0,0.0,0.0,100.0,1,0.0,17.6,37.7,0,0.0,0,0.0,0,16,0.32,0,7.06,11.29,descartar,solo 1 verano(s) con cobertura >=80%
c13m190e01,Paterna - Cases Verdes,metropolitano,39.519,-0.423,53.0,6.269,9.231,5.0,2023-06-01,2025-08-31,51493,51493,15336.083,0.0,0.0,0.0,0.0,100.0,100.0,2,0.0,16.8,45.4,0,0.0,0,0.0,0,19,1.01,0,7.2,11.78,usar,
c16m021e02,Aldaia - Barri del Crist,metropolitano,39.475,-0.459,54.0,7.124,11.816,5.0,2023-06-01,2025-08-31,51428,51428,15336.133,0.0,0.0,0.0,0.0,100.0,100.0,2,0.0,16.5,45.9,0,0.0,0,0.0,0,126,2.39,0,9.08,13.8,usar,
c16m165e01,Massanassa - IES Massanassa,metropolitano,39.412,-0.397,12.0,7.249,5.831,10.0,2022-06-01,2025-08-31,39945,39945,15336.167,0.0,0.0,0.0,100.0,100.0,100.0,3,50.0,17.6,46.1,0,0.0,0,0.0,0,20,0.77,0,7.25,12.15,usar,
c16m021e03,Aldaia - Sud,metropolitano,39.461,-0.463,46.0,7.632,12.027,5.0,2025-07-01,2025-08-31,17603,17603,1.167,0.0,0.0,0.0,0.0,0.0,100.0,1,0.0,19.1,39.7,0,0.0,0,0.0,0,17,0.86,0,8.67,14.25,descartar,solo 1 verano(s) con cobertura >=80%
c16m094e05,Catarroja - Col·legi Larrodé,metropolitano,39.409,-0.403,15.0,7.683,6.355,10.0,2025-06-01,2025-08-31,13248,13248,0.167,0.0,0.0,0.0,0.0,0.0,100.0,1,0.0,17.2,38.4,0,0.0,0,0.0,0,12,0.09,0,7.91,12.54,descartar,solo 1 verano(s) con cobertura >=80%
c13m009e01,Albalat dels Sorells,metropolitano,39.544,-0.347,10.0,8.01,3.048,10.0,2019-06-01,2025-08-31,76741,75418,15336.167,94.3,100.0,83.6,100.0,91.0,99.4,6,96.8,13.4,42.1,1323,1.724,0,1.724,0,14,0.08,0,7.9,12.4,usar,
c16m007e02,Albal - centre,metropolitano,39.397,-0.41,40.0,9.206,6.89,5.0,2022-06-18,2025-08-31,37481,37481,15336.25,0.0,0.0,0.0,48.1,63.2,100.0,1,24.0,16.9,45.0,0,0.0,0,0.0,0,44,2.21,0,6.48,11.39,descartar,solo 1 verano(s) con cobertura >=80%
c13m009e02,Albalat dels Sorells - la Lloma,metropolitano,39.564,-0.373,36.0,9.82,5.612,5.0,2022-06-30,2025-08-26,64836,64835,15336.083,0.0,0.0,0.0,100.0,100.0,100.0,3,50.0,15.2,40.2,0,0.0,1,0.002,0,21,0.19,0,9.81,14.42,usar,
c16m244e01,Torrent - CEIP Antonio Machado,metropolitano,39.433,-0.478,60.0,9.934,13.004,5.0,2023-06-01,2025-08-31,52057,52056,15336.083,0.0,0.0,0.0,0.0,100.0,100.0,2,0.0,16.7,45.5,1,0.002,0,0.002,0,33,3.1,0,8.06,12.97,usar,
c16m244e03,Torrent - Av. al Vedat,metropolitano,39.429,-0.478,61.0,10.14,12.951,10.0,2023-06-01,2025-08-31,26363,26363,15336.167,0.0,0.0,0.0,0.0,99.8,99.2,2,0.0,16.2,45.0,0,0.0,0,0.0,0,11,0.0,0,8.51,13.09,usar,
c11m070e04,Bétera - Urb. Mas Camarena,metropolitano,39.553,-0.457,128.0,11.057,12.545,10.0,2023-06-01,2025-08-31,22515,22515,15336.167,0.0,0.0,0.0,0.0,97.0,72.9,1,0.0,15.7,39.0,0,0.0,0,0.0,0,20,0.09,0,7.97,12.0,descartar,solo 1 verano(s) con cobertura >=80%
c15m250e24,València - Micalet,municipio,39.475,-0.376,25.0,0.007,4.708,5.0,2019-06-01,2025-08-31,97809,97649,15336.167,100.0,100.0,83.7,88.6,67.3,100.0,5,94.3,14.2,41.8,160,0.164,0,0.164,0,26,0.92,0,6.39,10.5,usar,
c15m250e30,València - Col·legi Diocesà San Juan Bosco,municipio,39.483,-0.385,18.0,1.081,5.489,5.0,2019-06-01,2025-07-18,87665,87657,16044.333,100.0,18.4,81.4,100.0,100.0,100.0,5,100.0,16.1,42.8,0,0.0,6,0.009,0,24,1.08,0,7.47,12.3,usar,
c15m250e15,València - Altocúmulo,municipio,39.477,-0.39,19.0,1.183,5.895,10.0,2019-06-01,2025-08-31,70361,70351,15336.167,64.6,95.0,77.8,93.7,100.0,99.9,4,94.4,13.2,44.7,10,0.014,0,0.014,0,17,0.18,0,7.05,11.3,usar,
c15m250e37,València - Benimaclet,municipio,39.486,-0.357,5.0,2.042,3.157,5.0,2025-06-01,2025-08-31,25534,25534,31.333,0.0,0.0,0.0,0.0,0.0,100.0,1,0.0,18.2,37.8,0,0.0,0,0.0,0,25,1.37,0,6.02,9.74,descartar,solo 1 verano(s) con cobertura >=80%
c15m250e11,València - l'Olivereta,municipio,39.471,-0.401,50.0,2.151,6.76,10.0,2021-06-01,2025-08-31,62152,60779,15336.167,0.0,0.0,82.3,90.2,94.9,100.0,4,86.2,17.4,44.7,1373,2.209,0,2.209,0,26,0.99,0,6.64,10.88,usar,
c15m250e08,València - Camins al Grau,municipio,39.467,-0.346,6.0,2.827,1.984,10.0,2019-06-01,2025-08-31,79131,79130,15336.167,100.0,46.1,83.4,99.3,99.8,99.3,5,99.3,16.4,41.3,0,0.0,1,0.001,0,29,2.17,0,5.38,9.9,usar,
c15m250e26,València - Penya-roja,municipio,39.458,-0.35,7.0,2.937,2.324,5.0,2019-06-01,2025-08-31,145377,145377,15524.667,100.0,100.0,100.0,100.0,100.0,100.0,6,100.0,16.3,40.9,0,0.0,0,0.0,0,45,3.63,0,5.68,9.9,usar,
c15m250e36,València - Col·legi Pureza de María-Grau,municipio,39.466,-0.332,8.0,3.973,0.803,10.0,2025-06-01,2025-08-31,13248,13248,0.167,0.0,0.0,0.0,0.0,0.0,100.0,1,0.0,18.2,37.7,0,0.0,0,0.0,0,17,0.51,0,5.22,7.69,descartar,solo 1 verano(s) con cobertura >=80%
c15m250e16,València - l'Albufera/Tancat de la Pipa,municipio,39.359,-0.347,1.0,13.176,2.672,10.0,2019-06-01,2025-08-31,77590,77589,15336.167,100.0,98.0,83.7,100.0,100.0,100.0,6,100.0,13.1,40.4,1,0.001,0,0.001,0,20,0.27,0,5.95,10.1,usar,
c13m199e01,la Pobla de Farnals,periurbano,39.579,-0.327,20.0,12.232,2.272,10.0,2025-06-01,2025-08-31,13248,13248,0.167,0.0,0.0,0.0,0.0,0.0,100.0,1,0.0,17.1,37.8,0,0.0,0,0.0,0,21,0.5,0,6.82,10.8,descartar,solo 1 verano(s) con cobertura >=80%
c13m171e02,Montcada - CIDE (CSIC-UV-GVA) climatoclab,periurbano,39.588,-0.399,61.0,12.617,8.503,5.0,2022-06-27,2025-08-31,20034,20034,15792.917,0.0,0.0,0.0,20.0,24.7,100.0,1,10.0,15.7,40.3,0,0.0,0,0.0,0,165,4.56,0,9.98,15.44,descartar,solo 1 verano(s) con cobertura >=80%
c13m199e02,la Pobla de Farnals - platja,periurbano,39.565,-0.283,2.0,12.779,1.777,10.0,2025-06-01,2025-08-31,12332,12185,152.817,0.0,0.0,0.0,0.0,0.0,92.0,1,0.0,18.4,34.9,147,1.192,0,1.192,0,12,0.1,0,5.75,7.98,descartar,solo 1 verano(s) con cobertura >=80%
c16m159e04,Manises - la Presa,periurbano,39.523,-0.513,60.0,12.815,16.887,10.0,2023-06-01,2025-08-31,24088,24085,15336.167,0.0,0.0,0.0,0.0,100.0,81.8,2,0.0,13.7,46.1,3,0.012,0,0.012,0,10,0.0,0,12.56,17.96,usar,
c11m070e03,Bétera,periurbano,39.593,-0.464,91.0,15.093,14.022,10.0,2019-06-01,2025-08-31,84959,84941,15336.167,80.4,100.0,83.5,100.0,100.0,97.8,6,98.9,13.0,45.2,17,0.02,1,0.021,0,23,0.22,0,10.17,14.8,usar,
c11m070e02,Bétera - la Conarda,periurbano,39.582,-0.494,150.0,15.567,16.172,10.0,2019-06-01,2025-08-31,86859,86857,15336.167,100.0,89.5,83.7,100.0,100.0,100.0,6,100.0,13.2,44.9,2,0.002,0,0.002,0,21,0.33,0,9.67,14.4,usar,
c11m116e02,l′Eliana - centre,periurbano,39.565,-0.529,100.0,16.432,18.843,10.0,2019-06-01,2025-08-31,77424,77417,15336.167,99.7,100.0,83.7,100.0,100.0,100.0,6,100.0,11.0,44.5,7,0.009,0,0.009,0,18,0.07,0,10.06,14.26,usar,
c13m205e03,Puçol - Ciutat Jardí,periurbano,39.615,-0.312,10.0,16.498,2.199,5.0,2019-06-01,2025-08-31,114279,114279,15336.083,100.0,100.0,100.0,100.0,100.0,84.2,6,100.0,14.2,40.6,0,0.0,0,0.0,0,27,2.25,0,7.0,11.56,usar,
c11m214e04,Riba-roja de Túria - la Reva,periurbano,39.485,-0.569,104.0,16.544,21.265,20.0,2021-06-01,2025-08-31,33725,33724,15336.333,0.0,0.0,100.0,100.0,100.0,100.0,4,100.0,14.9,45.1,1,0.003,0,0.003,0,3,0.0,0,10.3,14.9,usar,
c11m116e04,l′Eliana - Barranc de Mandor,periurbano,39.565,-0.536,89.0,16.938,19.441,5.0,2020-06-01,2025-08-31,110977,110948,15336.083,0.0,100.0,100.0,100.0,100.0,100.0,5,100.0,9.7,44.7,0,0.0,29,0.026,0,34,0.16,0,13.31,19.08,usar,
c18m111e03,Xiva - Calicanto climatoclab,periurbano,39.436,-0.57,167.0,17.176,20.929,5.0,2019-06-01,2025-08-31,141706,141706,15336.083,100.0,100.0,100.0,100.0,100.0,100.0,6,100.0,13.8,44.6,0,0.0,0,0.0,0,93,1.61,0,9.3,13.25,usar,
c20m172e01,Montserrat - Casadalt,periurbano,39.38,-0.54,225.0,17.606,18.204,10.0,2019-06-01,2025-08-31,77609,77609,15336.167,100.0,100.0,83.7,100.0,100.0,100.0,6,100.0,12.6,45.5,0,0.0,0,0.0,0,17,0.26,0,10.25,15.2,usar,
c11m202e04,la Pobla de Vallbona - Gallipont,periurbano,39.569,-0.544,93.0,17.737,20.171,5.0,2022-06-01,2025-08-31,66239,66239,15336.083,0.0,0.0,0.0,100.0,100.0,100.0,3,50.0,14.4,44.8,0,0.0,0,0.0,0,21,0.41,0,11.03,15.45,usar,
c13m205e04,Puçol - Urbanització Alfinach logoalfinach,periurbano,39.634,-0.339,100.0,17.879,4.95,10.0,2022-06-01,2025-08-31,37223,35176,15336.167,0.0,0.0,0.0,84.7,82.4,98.4,3,41.2,16.7,39.3,2047,5.499,0,5.499,0,15,0.21,0,7.23,10.5,descartar,5.499% de partes enmascarados
c11m214e05,Riba-roja de Túria,periurbano,39.549,-0.574,104.0,18.823,22.474,5.0,2025-06-01,2025-08-31,24999,24999,4.75,0.0,0.0,0.0,0.0,0.0,100.0,1,0.0,16.2,40.3,0,0.0,0,0.0,0,20,1.18,0,10.71,14.79,descartar,solo 1 verano(s) con cobertura >=80%
c21m233e01,Sollana - El Romaní,periurbano,39.304,-0.387,1.0,19.081,7.811,10.0,2019-08-20,2025-08-31,48107,48102,15336.167,24.6,0.0,48.8,98.8,91.8,99.0,3,70.3,16.1,37.1,0,0.0,5,0.01,0,16,0.09,0,8.17,12.5,usar,
c21m235e09,Sueca - l'Albufera/Tancat de l'Estell,periurbano,39.294,-0.315,1.0,20.796,2.26,10.0,2023-07-13,2025-08-31,16497,15263,15336.167,0.0,0.0,0.0,0.0,45.0,70.2,0,0.0,15.9,38.5,1234,7.48,0,7.48,0,14,0.16,0,6.99,12.2,descartar,solo 0 verano(s) con cobertura >=80%; 7.48% de partes enmascarados
c11m178e03,Nàquera,periurbano,39.661,-0.425,218.0,21.063,12.869,10.0,2025-06-01,2025-08-31,13248,13248,0.167,0.0,0.0,0.0,0.0,0.0,100.0,1,0.0,14.1,37.9,0,0.0,0,0.0,0,13,0.1,0,9.94,13.09,descartar,solo 1 verano(s) con cobertura >=80%
c20m060e04,Benifaió - CEIP Santa Bàrbara,periurbano,39.287,-0.425,15.0,21.33,11.504,10.0,2022-06-10,2025-08-31,36596,36596,15336.167,0.0,0.0,0.0,85.9,100.0,90.4,3,43.0,16.8,45.5,0,0.0,0,0.0,0,14,0.14,0,7.75,13.31,usar,
c11m202e03,la Pobla de Vallbona - els Racons,periurbano,39.636,-0.537,173.0,22.596,21.372,5.0,2021-08-17,2025-08-31,66191,66191,15336.083,0.0,0.0,32.1,100.0,100.0,100.0,3,66.0,14.3,45.5,0,0.0,0,0.0,0,79,0.39,0,10.2,14.26,usar,
c11m051e01,Benaguasil - Estil Masculí Eva,periurbano,39.6,-0.586,120.0,22.692,24.329,5.0,2023-06-01,2025-08-31,52043,52043,15336.083,0.0,0.0,0.0,0.0,100.0,100.0,2,0.0,14.7,46.0,0,0.0,0,0.0,0,18,0.24,0,10.87,15.05,usar,
c18m111e04,Xiva - Los Felipes,periurbano,39.448,-0.646,209.0,23.325,27.527,5.0,2025-06-01,2025-08-31,20100,20100,3.0,0.0,0.0,0.0,0.0,0.0,100.0,1,0.0,16.0,41.8,0,0.0,0,0.0,0,24,0.32,0,12.85,16.59,descartar,solo 1 verano(s) con cobertura >=80%
c11m256e02,Vilamarxant - Sant Josep,periurbano,39.566,-0.623,111.0,23.437,26.898,5.0,2019-06-01,2025-08-31,125713,125713,15336.167,100.0,100.0,100.0,100.0,100.0,100.0,6,100.0,11.4,45.6,0,0.0,0,0.0,0,29,0.42,0,12.36,17.22,usar,
c11m256e05,Vilamarxant - Ajuntament,periurbano,39.568,-0.622,110.0,23.464,26.844,10.0,2021-06-01,2025-08-31,50616,50613,15336.167,0.0,0.0,81.0,100.0,100.0,100.0,4,90.5,14.4,45.0,2,0.004,1,0.006,0,21,0.11,0,11.04,15.4,usar,
c11m228e01,Serra,periurbano,39.686,-0.427,332.0,23.815,14.01,10.0,2022-06-01,2025-08-31,39884,39884,15336.167,0.0,0.0,0.0,100.0,100.0,100.0,3,50.0,13.9,43.5,0,0.0,0,0.0,0,15,0.18,0,10.02,13.72,usar,
c12m220e08,Sagunt - Port de Sagunt,periurbano,39.669,-0.229,38.0,24.972,2.236,5.0,2025-06-01,2025-08-31,26291,26289,2.917,0.0,0.0,0.0,0.0,0.0,100.0,1,0.0,17.1,38.1,0,0.0,0,0.008,0,19,0.93,0,6.25,8.84,descartar,solo 1 verano(s) con cobertura >=80%
c20m031e01,Alginet,periurbano,39.261,-0.465,27.0,25.053,15.702,5.0,2021-06-01,2025-08-31,98909,98909,15336.167,0.0,0.0,100.0,100.0,100.0,100.0,4,100.0,15.6,45.8,0,0.0,0,0.0,0,19,0.51,0,9.07,15.44,usar,
c20m031e02,Alginet - Urb. Los Lagos,periurbano,39.269,-0.497,115.0,25.247,18.078,5.0,2022-06-01,2025-08-31,78550,78550,15336.083,0.0,0.0,0.0,100.0,100.0,100.0,3,50.0,16.1,45.0,0,0.0,0,0.0,0,20,0.7,0,9.33,13.83,usar,
c11m256e04,Vilamarxant - La Pedrera,periurbano,39.55,-0.662,185.0,25.917,30.03,10.0,2020-07-08,2025-08-31,58794,58762,15336.167,0.0,58.1,83.6,100.0,100.0,99.9,4,91.8,12.7,45.6,32,0.054,0,0.054,0,13,0.02,0,13.39,17.86,usar,
c20m248e02,Torís - Canyapar,periurbano,39.391,-0.668,255.0,26.76,29.128,10.0,2019-06-01,2025-08-31,77247,77015,15336.167,99.4,97.4,84.6,100.0,98.3,100.0,6,98.8,10.8,43.9,232,0.3,0,0.3,0,15,0.1,0,11.24,15.64,usar,
c11m161e01,Marines,periurbano,39.676,-0.563,220.0,27.429,24.718,10.0,2020-06-01,2025-08-31,63465,63465,15336.167,0.0,98.0,83.1,99.3,99.2,99.5,5,98.6,12.2,44.3,0,0.0,0,0.0,0,16,0.06,0,11.26,15.5,usar,
c11m256e06,Vilamarxant - Mas de Teulada,periurbano,39.565,-0.682,155.0,28.048,31.896,10.0,2022-07-09,2025-08-31,34334,34022,15336.167,0.0,0.0,0.0,57.8,98.5,100.0,2,28.9,12.2,44.8,312,0.909,0,0.909,0,14,0.19,0,16.15,21.44,usar,
c18m111e01,Xiva,periurbano,39.478,-0.721,293.0,29.587,34.256,5.0,2019-06-01,2025-08-31,151772,151772,15336.083,100.0,100.0,100.0,100.0,100.0,100.0,6,100.0,11.0,43.9,0,0.0,0,0.0,0,27,0.58,0,11.79,16.22,usar,
c20m085e02,Carlet - GPSuministros,periurbano,39.229,-0.508,50.0,29.589,20.319,5.0,2019-06-01,2025-08-31,140352,140352,15336.167,100.0,100.0,100.0,100.0,100.0,100.0,6,100.0,12.9,45.4,0,0.0,0,0.0,0,20,0.51,0,9.86,15.3,usar,
