hora,disp_mediana,disp_p25,disp_p75,disp_p90,iqr_mediana,n
0,1.468,1.013,2.052,2.854,0.722,536
1,1.753,1.158,2.466,3.246,0.983,535
2,2.033,1.386,2.794,3.484,1.29,535
3,2.3,1.608,2.992,3.53,1.465,534
4,2.441,1.697,3.102,3.648,1.631,534
5,2.585,1.792,3.175,3.701,1.708,528
6,2.575,1.833,3.227,3.679,1.7,511
7,2.436,1.833,3.028,3.604,1.659,516
8,1.685,1.172,2.163,2.765,1.014,534
9,1.217,0.89,1.618,1.999,0.486,535
10,1.338,0.983,1.845,2.254,0.63,536
11,1.374,1.061,1.77,2.299,0.719,536
12,1.48,1.205,1.856,2.282,0.825,535
13,1.611,1.307,1.976,2.302,0.908,534
14,1.722,1.398,2.007,2.423,0.975,536
15,1.69,1.38,1.995,2.268,0.935,536
16,1.576,1.279,1.886,2.223,0.875,534
17,1.388,1.062,1.719,2.069,0.758,535
18,1.213,0.908,1.554,1.861,0.673,533
19,1.004,0.763,1.346,1.797,0.579,534
20,0.887,0.665,1.178,1.656,0.537,537
21,0.887,0.673,1.233,1.714,0.531,537
22,1.051,0.754,1.464,1.964,0.564,536
23,1.235,0.925,1.686,2.436,0.629,536
