station_id,n_noches,tropicales,torridas,tmin_media,pct_tropicales,pct_torridas,n_noches_comunes,pct_tropicales_comunes,pct_torridas_comunes,nombre
c13m009e01,184,161,32,22.82,87.5,17.4,86,80.2,16.3,Albalat dels Sorells
c13m009e02,176,137,11,21.85,77.8,6.2,86,69.8,5.8,Albalat dels Sorells - la Lloma
c13m032e01,184,142,10,21.74,77.2,5.4,86,69.8,7.0,Almàssera
c13m190e01,181,163,53,23.51,90.1,29.3,86,81.4,25.6,Paterna - Cases Verdes
c15m250e08,184,175,89,24.46,95.1,48.4,86,90.7,43.0,València - Camins al Grau
c15m250e11,179,167,73,24.1,93.3,40.8,86,87.2,38.4,València - l'Olivereta
c15m250e15,184,171,73,24.05,92.9,39.7,86,86.0,36.0,València - Altocúmulo
c15m250e16,184,170,35,23.21,92.4,19.0,86,87.2,19.8,València - l'Albufera/Tancat de la Pipa
c15m250e24,156,147,77,24.58,94.2,49.4,86,90.7,43.0,València - Micalet
c15m250e26,174,166,93,24.6,95.4,53.4,86,91.9,47.7,València - Penya-roja
c15m250e30,109,100,39,23.68,91.7,35.8,86,89.5,36.0,València - Col·legi Diocesà San Juan Bosco
c16m021e02,180,159,42,23.21,88.3,23.3,86,80.2,19.8,Aldaia - Barri del Crist
c16m102e01,184,166,62,23.59,90.2,33.7,86,81.4,33.7,Quart de Poblet
c16m165e01,184,170,65,23.84,92.4,35.3,86,84.9,31.4,Massanassa - IES Massanassa
c16m244e01,183,161,44,23.19,88.0,24.0,86,79.1,22.1,Torrent - CEIP Antonio Machado
c16m244e03,184,162,37,23.12,88.0,20.1,86,80.2,16.3,Torrent - Av. al Vedat
