station_id,uhi_nocturna_c,nombre
c15m250e24,2.658,València - Micalet
c15m250e26,2.587,València - Penya-roja
c15m250e08,2.399,València - Camins al Grau
c15m250e11,2.252,València - l'Olivereta
c15m250e15,2.159,València - Altocúmulo
c15m250e30,2.155,València - Col·legi Diocesà San Juan Bosco
c16m165e01,2.093,Massanassa - IES Massanassa
c16m102e01,1.832,Quart de Poblet
c13m190e01,1.655,Paterna - Cases Verdes
c16m021e02,1.607,Aldaia - Barri del Crist
c16m244e01,1.542,Torrent - CEIP Antonio Machado
c16m244e03,1.423,Torrent - Av. al Vedat
c15m250e16,1.402,València - l'Albufera/Tancat de la Pipa
c13m009e01,1.068,Albalat dels Sorells
c13m009e02,0.248,Albalat dels Sorells - la Lloma
c13m032e01,0.166,Almàssera
