station_id,n,tropicales,torridas,pct_tropicales,pct_torridas,nombre
c15m250e26,86,79,41,91.9,47.7,València - Penya-roja
c15m250e08,86,78,37,90.7,43.0,València - Camins al Grau
c15m250e24,86,78,37,90.7,43.0,València - Micalet
c15m250e11,86,75,33,87.2,38.4,València - l'Olivereta
c15m250e15,86,74,31,86.0,36.0,València - Altocúmulo
c15m250e30,86,77,31,89.5,36.0,València - Col·legi Diocesà San Juan Bosco
c16m102e01,86,70,29,81.4,33.7,Quart de Poblet
c16m165e01,86,73,27,84.9,31.4,Massanassa - IES Massanassa
c13m190e01,86,70,22,81.4,25.6,Paterna - Cases Verdes
c16m244e01,86,68,19,79.1,22.1,Torrent - CEIP Antonio Machado
c16m021e02,86,69,17,80.2,19.8,Aldaia - Barri del Crist
c15m250e16,86,75,17,87.2,19.8,València - l'Albufera/Tancat de la Pipa
c13m009e01,86,69,14,80.2,16.3,Albalat dels Sorells
c16m244e03,86,69,14,80.2,16.3,Torrent - Av. al Vedat
c13m032e01,86,60,6,69.8,7.0,Almàssera
c13m009e02,86,60,5,69.8,5.8,Albalat dels Sorells - la Lloma
