cobertura_gruesa_pct,cobertura_avamet_pct,cobertura_dif_puntos,sec_falsas_inaccesibles,sec_falsas_accesibles,sec_reclasificadas,sec_balance_neto,pob_falsas_inaccesibles,pob_falsas_accesibles,pob_reclasificada,pob_balance_neto,pct_pob_reclasificada,pct_pob_balance_neto,bidireccional,ventana,umbral,representacion,celdas_era5,ic_lo,ic_hi
57.74,58.3,0.56,0.0,202.0,202.0,-202.0,0.0,59318.0,59318.0,-59318.0,33.96,-33.96,False,manana_10_12,30.0,R1_uniforme,,,
57.47,58.3,0.83,203.0,0.0,203.0,203.0,60564.0,0.0,60564.0,60564.0,34.67,34.67,False,manana_10_12,30.0,R2_era5_bruto,4.0,,
55.43,58.3,2.87,203.0,0.0,203.0,203.0,60564.0,0.0,60564.0,60564.0,34.67,34.67,False,manana_10_12,30.0,R3_era5_sesgo,,,
56.67,58.3,1.63,203.0,0.0,203.0,203.0,60564.0,0.0,60564.0,60564.0,34.67,34.67,False,manana_10_12,30.0,R4_era5_sesgo_hora,,,
65.88,65.91,0.03,0.0,196.0,196.0,-196.0,0.0,57938.0,57938.0,-57938.0,33.17,-33.17,False,manana_10_12,32.0,R1_uniforme,,,
65.39,65.91,0.52,209.0,0.0,209.0,209.0,61944.0,0.0,61944.0,61944.0,35.46,35.46,False,manana_10_12,32.0,R2_era5_bruto,4.0,,
64.7,65.91,1.21,209.0,0.0,209.0,209.0,61944.0,0.0,61944.0,61944.0,35.46,35.46,False,manana_10_12,32.0,R3_era5_sesgo,,,
65.48,65.91,0.43,209.0,0.0,209.0,209.0,61944.0,0.0,61944.0,61944.0,35.46,35.46,False,manana_10_12,32.0,R4_era5_sesgo_hora,,,
,,,,,,,,,,,34.95,,,manana_10_12,30.0,R4_bootstrap_ic,,28.27,43.79
,,,,,,,,,,,35.46,,,manana_10_12,32.0,R4_bootstrap_ic,,13.6,55.49
50.31,51.35,1.04,0.0,195.0,195.0,-195.0,0.0,57323.0,57323.0,-57323.0,32.82,-32.82,False,tarde_16_18,30.0,R1_uniforme,,,
32.77,51.35,18.58,210.0,0.0,210.0,210.0,62559.0,0.0,62559.0,62559.0,35.82,35.82,False,tarde_16_18,30.0,R2_era5_bruto,4.0,,
49.96,51.35,1.39,20.0,195.0,215.0,-175.0,6032.0,57323.0,63355.0,-51290.0,36.27,-29.36,True,tarde_16_18,30.0,R3_era5_sesgo,,,
49.81,51.35,1.54,20.0,195.0,215.0,-175.0,6032.0,57323.0,63355.0,-51290.0,36.27,-29.36,True,tarde_16_18,30.0,R4_era5_sesgo_hora,,,
65.32,65.7,0.38,0.0,174.0,174.0,-174.0,0.0,49913.0,49913.0,-49913.0,28.58,-28.58,False,tarde_16_18,32.0,R1_uniforme,,,
51.24,65.7,14.45,231.0,0.0,231.0,231.0,69968.0,0.0,69968.0,69968.0,40.06,40.06,False,tarde_16_18,32.0,R2_era5_bruto,4.0,,
62.22,65.7,3.48,231.0,0.0,231.0,231.0,69968.0,0.0,69968.0,69968.0,40.06,40.06,False,tarde_16_18,32.0,R3_era5_sesgo,,,
62.2,65.7,3.5,231.0,0.0,231.0,231.0,69968.0,0.0,69968.0,69968.0,40.06,40.06,False,tarde_16_18,32.0,R4_era5_sesgo_hora,,,
,,,,,,,,,,,35.33,,,tarde_16_18,30.0,R4_bootstrap_ic,,30.57,49.61
,,,,,,,,,,,41.96,,,tarde_16_18,32.0,R4_bootstrap_ic,,36.86,50.11
