ventana,umbral,representacion,sd_espacial,rango_espacial,valores_distintos
manana_10_12,30.0,R1_uniforme,0.0,0.0,1
manana_10_12,30.0,R2_era5_bruto,0.0028,0.0081,3
manana_10_12,30.0,R3_era5_sesgo,0.0049,0.0161,3
manana_10_12,30.0,R4_era5_sesgo_hora,0.0029,0.0099,3
manana_10_12,30.0,R5_avamet,0.0227,0.0913,124
manana_10_12,32.0,R1_uniforme,0.0,0.0,1
manana_10_12,32.0,R2_era5_bruto,0.001,0.0043,3
manana_10_12,32.0,R3_era5_sesgo,0.0015,0.005,3
manana_10_12,32.0,R4_era5_sesgo_hora,0.0012,0.005,3
manana_10_12,32.0,R5_avamet,0.0074,0.0342,51
tarde_16_18,30.0,R1_uniforme,0.0,0.0,1
tarde_16_18,30.0,R2_era5_bruto,0.0097,0.0342,3
tarde_16_18,30.0,R3_era5_sesgo,0.0075,0.0335,3
tarde_16_18,30.0,R4_era5_sesgo_hora,0.006,0.0273,3
tarde_16_18,30.0,R5_avamet,0.041,0.1565,174
tarde_16_18,32.0,R1_uniforme,0.0,0.0,1
tarde_16_18,32.0,R2_era5_bruto,0.0061,0.028,3
tarde_16_18,32.0,R3_era5_sesgo,0.003,0.0143,3
tarde_16_18,32.0,R4_era5_sesgo_hora,0.0021,0.0099,3
tarde_16_18,32.0,R5_avamet,0.0126,0.0484,70
