ventana,umbral,representacion,jaccard_top20,spearman_distritos,top5_distritos
manana_10_12,30.0,R1_uniforme,0.528,0.767,3/5
manana_10_12,30.0,R2_era5_bruto,0.486,0.75,3/5
manana_10_12,30.0,R3_era5_sesgo,0.473,0.756,3/5
manana_10_12,30.0,R4_era5_sesgo_hora,0.528,0.767,3/5
manana_10_12,32.0,R1_uniforme,0.514,0.775,3/5
manana_10_12,32.0,R2_era5_bruto,0.588,0.808,3/5
manana_10_12,32.0,R3_era5_sesgo,0.514,0.775,3/5
manana_10_12,32.0,R4_era5_sesgo_hora,0.5,0.775,3/5
tarde_16_18,30.0,R1_uniforme,0.528,0.802,4/5
tarde_16_18,30.0,R2_era5_bruto,0.486,0.785,4/5
tarde_16_18,30.0,R3_era5_sesgo,0.5,0.822,4/5
tarde_16_18,30.0,R4_era5_sesgo_hora,0.514,0.806,4/5
tarde_16_18,32.0,R1_uniforme,0.5,0.567,3/5
tarde_16_18,32.0,R2_era5_bruto,0.459,0.575,3/5
tarde_16_18,32.0,R3_era5_sesgo,0.473,0.591,3/5
tarde_16_18,32.0,R4_era5_sesgo_hora,0.446,0.595,3/5
