configuracion,solo_edificios_pct,con_arbolado_pct,aporte_arbolado_pp,aporte_relativo_pct
06-15_10,13.49,39.81,26.32,195.1
06-15_11,10.1,30.85,20.75,205.4
06-15_12,6.9,19.03,12.13,175.8
06-15_16,10.08,30.92,20.84,206.7
06-15_17,13.14,40.02,26.88,204.6
06-15_18,17.26,48.9,31.64,183.3
07-15_10,14.25,41.46,27.21,190.9
07-15_11,10.83,32.91,22.08,203.9
07-15_12,7.14,21.33,14.19,198.7
07-15_16,10.31,31.18,20.87,202.4
07-15_17,13.59,40.29,26.7,196.5
07-15_18,17.42,48.91,31.49,180.8
08-15_10,16.04,45.56,29.52,184.0
08-15_11,12.67,37.38,24.71,195.0
08-15_12,9.02,27.02,18.0,199.6
08-15_16,12.06,36.27,24.21,200.7
08-15_17,16.33,45.84,29.51,180.7
08-15_18,20.36,52.08,31.72,155.8
