tau,ventana,umbral_c,presupuesto_sol_min,exposicion_mediana_min,pct_cumplen_solar,cobertura_C_pct,cobertura_D_pct,jaccard,pob65_reclasificada,solar_saturada
0.0,manana_10_12,28.0,3.0,2.03,67.4,27.92,27.28,0.956,1136,False
0.0,manana_10_12,28.0,5.0,2.03,88.7,37.17,36.49,0.872,2474,False
0.0,manana_10_12,28.0,8.0,2.03,98.0,40.84,40.11,0.725,5222,False
0.0,manana_10_12,30.0,3.0,2.03,67.4,40.67,42.36,1.0,0,False
0.0,manana_10_12,30.0,5.0,2.03,88.7,54.21,56.58,0.76,4924,False
0.0,manana_10_12,30.0,8.0,2.03,98.0,59.58,62.2,0.571,8777,False
0.0,manana_10_12,32.0,3.0,2.03,67.4,46.83,47.52,1.0,0,False
0.0,manana_10_12,32.0,5.0,2.03,88.7,62.46,63.4,0.743,5335,False
0.0,manana_10_12,32.0,8.0,2.03,98.0,68.65,69.69,0.558,9126,False
0.0,tarde_16_18,28.0,3.0,1.22,83.5,27.9,26.15,0.743,5480,False
0.0,tarde_16_18,28.0,5.0,1.22,95.7,32.0,30.03,0.709,5719,False
0.0,tarde_16_18,28.0,8.0,1.22,99.5,33.2,31.15,0.692,5832,False
0.0,tarde_16_18,30.0,3.0,1.22,83.5,45.85,48.72,0.833,3742,False
0.0,tarde_16_18,30.0,5.0,1.22,95.7,52.63,55.94,0.615,7846,False
0.0,tarde_16_18,30.0,8.0,1.22,99.5,54.6,58.04,0.504,10368,False
0.0,tarde_16_18,32.0,3.0,1.22,83.5,55.42,58.28,0.853,3268,False
0.0,tarde_16_18,32.0,5.0,1.22,95.7,63.64,66.93,0.615,7797,False
0.0,tarde_16_18,32.0,8.0,1.22,99.5,66.03,69.45,0.53,9587,False
0.05,manana_10_12,28.0,3.0,2.2,63.8,26.54,25.92,1.0,0,False
0.05,manana_10_12,28.0,5.0,2.2,87.1,36.45,35.79,0.872,2529,False
0.05,manana_10_12,28.0,8.0,2.2,97.7,40.77,40.04,0.725,5258,False
0.05,manana_10_12,30.0,3.0,2.2,63.8,38.66,40.26,1.0,0,False
0.05,manana_10_12,30.0,5.0,2.2,87.1,53.17,55.49,0.778,4601,False
0.05,manana_10_12,30.0,8.0,2.2,97.7,59.48,62.1,0.558,9168,False
0.05,manana_10_12,32.0,3.0,2.2,63.8,44.52,45.17,1.0,0,False
0.05,manana_10_12,32.0,5.0,2.2,87.1,61.25,62.17,0.778,4647,False
0.05,manana_10_12,32.0,8.0,2.2,97.7,68.54,69.57,0.558,9156,False
0.05,tarde_16_18,28.0,3.0,1.4,80.8,26.85,25.14,0.725,6018,False
0.05,tarde_16_18,28.0,5.0,1.4,95.2,31.79,29.82,0.709,5719,False
0.05,tarde_16_18,28.0,8.0,1.4,99.3,33.14,31.1,0.676,6207,False
0.05,tarde_16_18,30.0,3.0,1.4,80.8,44.12,46.87,0.934,794,False
0.05,tarde_16_18,30.0,5.0,1.4,95.2,52.28,55.56,0.63,7507,False
0.05,tarde_16_18,30.0,8.0,1.4,99.3,54.5,57.94,0.504,10379,False
0.05,tarde_16_18,32.0,3.0,1.4,80.8,53.33,56.07,0.956,1057,False
0.05,tarde_16_18,32.0,5.0,1.4,95.2,63.21,66.47,0.63,7422,False
0.05,tarde_16_18,32.0,8.0,1.4,99.3,65.91,69.32,0.53,9675,False
0.1,manana_10_12,28.0,3.0,2.36,61.3,25.41,24.82,1.0,0,False
0.1,manana_10_12,28.0,5.0,2.36,85.1,35.58,34.93,0.892,2166,False
0.1,manana_10_12,28.0,8.0,2.36,97.5,40.68,39.96,0.709,5649,False
0.1,manana_10_12,30.0,3.0,2.36,61.3,37.01,38.55,1.0,0,False
0.1,manana_10_12,30.0,5.0,2.36,85.1,51.9,54.17,0.833,3525,False
0.1,manana_10_12,30.0,8.0,2.36,97.5,59.35,61.97,0.558,9222,False
0.1,manana_10_12,32.0,3.0,2.36,61.3,42.62,43.24,1.0,0,False
0.1,manana_10_12,32.0,5.0,2.36,85.1,59.78,60.69,0.833,3489,False
0.1,manana_10_12,32.0,8.0,2.36,97.5,68.39,69.42,0.558,9198,False
0.1,tarde_16_18,28.0,3.0,1.51,79.2,26.23,24.62,0.778,4802,False
0.1,tarde_16_18,28.0,5.0,1.51,94.3,31.53,29.59,0.743,4964,False
0.1,tarde_16_18,28.0,8.0,1.51,99.3,33.14,31.1,0.676,6207,False
0.1,tarde_16_18,30.0,3.0,1.51,79.2,43.11,45.86,1.0,0,False
0.1,tarde_16_18,30.0,5.0,1.51,94.3,51.85,55.12,0.66,6900,False
0.1,tarde_16_18,30.0,8.0,1.51,99.3,54.5,57.94,0.504,10379,False
0.1,tarde_16_18,32.0,3.0,1.51,79.2,52.11,54.82,1.0,0,False
0.1,tarde_16_18,32.0,5.0,1.51,94.3,62.7,65.94,0.66,6794,False
0.1,tarde_16_18,32.0,8.0,1.51,99.3,65.91,69.32,0.53,9675,False
0.2,manana_10_12,28.0,3.0,2.68,55.9,23.18,22.62,1.0,0,True
0.2,manana_10_12,28.0,5.0,2.68,82.4,34.46,33.82,0.872,2692,False
0.2,manana_10_12,28.0,8.0,2.68,97.5,40.68,39.96,0.709,5649,False
0.2,manana_10_12,30.0,3.0,2.68,55.9,33.76,35.14,1.0,0,True
0.2,manana_10_12,30.0,5.0,2.68,82.4,50.25,52.44,0.913,1987,False
0.2,manana_10_12,30.0,8.0,2.68,97.5,59.35,61.97,0.558,9222,False
0.2,manana_10_12,32.0,3.0,2.68,55.9,38.87,39.43,1.0,0,True
0.2,manana_10_12,32.0,5.0,2.68,82.4,57.88,58.75,0.913,1987,False
0.2,manana_10_12,32.0,8.0,2.68,97.5,68.39,69.42,0.558,9198,False
0.2,tarde_16_18,28.0,3.0,1.79,73.5,24.43,22.93,0.872,2662,False
0.2,tarde_16_18,28.0,5.0,1.79,92.1,30.84,28.94,0.743,5128,False
0.2,tarde_16_18,28.0,8.0,1.79,99.3,33.14,31.1,0.676,6207,False
0.2,tarde_16_18,30.0,3.0,1.79,73.5,40.15,42.71,1.0,0,False
0.2,tarde_16_18,30.0,5.0,1.79,92.1,50.71,53.9,0.692,6335,False
0.2,tarde_16_18,30.0,8.0,1.79,99.3,54.5,57.94,0.504,10379,False
0.2,tarde_16_18,32.0,3.0,1.79,73.5,48.53,51.05,1.0,0,False
0.2,tarde_16_18,32.0,5.0,1.79,92.1,61.31,64.48,0.709,5963,False
0.2,tarde_16_18,32.0,8.0,1.79,99.3,65.91,69.32,0.53,9675,False
0.3,manana_10_12,28.0,3.0,2.93,50.9,21.02,20.5,1.0,0,True
0.3,manana_10_12,28.0,5.0,2.93,78.7,32.65,31.97,0.913,1899,False
0.3,manana_10_12,28.0,8.0,2.93,96.4,40.2,39.47,0.725,5327,False
0.3,manana_10_12,30.0,3.0,2.93,50.9,30.61,31.85,1.0,0,True
0.3,manana_10_12,30.0,5.0,2.93,78.7,47.6,49.62,1.0,0,False
0.3,manana_10_12,30.0,8.0,2.93,96.4,58.64,61.21,0.586,8554,False
0.3,manana_10_12,32.0,3.0,2.93,50.9,35.24,35.75,1.0,0,True
0.3,manana_10_12,32.0,5.0,2.93,78.7,54.82,55.63,1.0,0,False
0.3,manana_10_12,32.0,8.0,2.93,96.4,67.57,68.58,0.586,8513,False
0.3,tarde_16_18,28.0,3.0,2.01,69.2,22.89,21.52,0.892,2378,False
0.3,tarde_16_18,28.0,5.0,2.01,90.0,30.16,28.28,0.778,4416,False
0.3,tarde_16_18,28.0,8.0,2.01,99.1,33.06,31.03,0.676,6225,False
0.3,tarde_16_18,30.0,3.0,2.01,69.2,37.61,40.04,1.0,0,False
0.3,tarde_16_18,30.0,5.0,2.01,90.0,49.58,52.68,0.709,6126,False
0.3,tarde_16_18,30.0,8.0,2.01,99.1,54.38,57.81,0.504,10423,False
0.3,tarde_16_18,32.0,3.0,2.01,69.2,45.47,47.83,1.0,0,False
0.3,tarde_16_18,32.0,5.0,2.01,90.0,59.93,63.01,0.76,4902,False
0.3,tarde_16_18,32.0,8.0,2.01,99.1,65.77,69.17,0.517,10055,False
0.5,manana_10_12,28.0,3.0,3.39,42.3,17.52,17.09,1.0,0,True
0.5,manana_10_12,28.0,5.0,3.39,71.7,29.77,29.17,0.934,1623,False
0.5,manana_10_12,28.0,8.0,3.39,93.7,39.21,38.49,0.743,5057,False
0.5,manana_10_12,30.0,3.0,3.39,42.3,25.52,26.57,1.0,0,True
0.5,manana_10_12,30.0,5.0,3.39,71.7,43.4,45.26,1.0,0,False
0.5,manana_10_12,30.0,8.0,3.39,93.7,57.19,59.7,0.66,6918,False
0.5,manana_10_12,32.0,3.0,3.39,42.3,29.37,29.8,1.0,0,True
0.5,manana_10_12,32.0,5.0,3.39,71.7,49.99,50.73,1.0,0,False
0.5,manana_10_12,32.0,8.0,3.39,93.7,65.9,66.89,0.645,7285,False
0.5,tarde_16_18,28.0,3.0,2.44,61.1,20.09,18.77,0.956,1011,False
0.5,tarde_16_18,28.0,5.0,2.44,83.0,27.66,26.01,0.743,5479,False
0.5,tarde_16_18,28.0,8.0,2.44,97.5,32.61,30.59,0.66,6693,False
0.5,tarde_16_18,30.0,3.0,2.44,61.1,32.99,35.03,1.0,0,False
0.5,tarde_16_18,30.0,5.0,2.44,83.0,45.48,48.4,0.872,2813,False
0.5,tarde_16_18,30.0,8.0,2.44,97.5,53.63,56.99,0.544,9560,False
0.5,tarde_16_18,32.0,3.0,2.44,61.1,39.87,41.93,1.0,0,False
0.5,tarde_16_18,32.0,5.0,2.44,83.0,54.98,57.83,0.892,2339,False
0.5,tarde_16_18,32.0,8.0,2.44,97.5,64.85,68.2,0.558,9175,False
1.0,manana_10_12,28.0,3.0,4.23,30.5,12.26,11.99,1.0,0,True
1.0,manana_10_12,28.0,5.0,4.23,61.3,25.14,24.58,1.0,0,False
1.0,manana_10_12,28.0,8.0,4.23,86.2,35.74,35.12,0.872,2521,False
1.0,manana_10_12,30.0,3.0,4.23,30.5,17.85,18.61,1.0,0,True
1.0,manana_10_12,30.0,5.0,4.23,61.3,36.63,38.18,1.0,0,False
1.0,manana_10_12,30.0,8.0,4.23,86.2,52.14,54.45,0.778,4675,False
1.0,manana_10_12,32.0,3.0,4.23,30.5,20.54,20.85,1.0,0,True
1.0,manana_10_12,32.0,5.0,4.23,61.3,42.19,42.81,1.0,0,False
1.0,manana_10_12,32.0,8.0,4.23,86.2,60.07,60.99,0.778,4722,False
1.0,tarde_16_18,28.0,3.0,3.24,45.5,14.79,13.86,0.956,1136,True
1.0,tarde_16_18,28.0,5.0,3.24,73.1,24.11,22.56,0.872,2761,False
1.0,tarde_16_18,28.0,8.0,3.24,92.1,30.7,28.85,0.743,5054,False
1.0,tarde_16_18,30.0,3.0,3.24,45.5,24.29,25.83,1.0,0,True
1.0,tarde_16_18,30.0,5.0,3.24,73.1,39.62,42.09,1.0,0,False
1.0,tarde_16_18,30.0,8.0,3.24,92.1,50.49,53.71,0.709,5845,False
1.0,tarde_16_18,32.0,3.0,3.24,45.5,29.35,30.88,1.0,0,True
1.0,tarde_16_18,32.0,5.0,3.24,73.1,47.89,50.35,1.0,0,False
1.0,tarde_16_18,32.0,8.0,3.24,92.1,61.06,64.22,0.709,5773,False
