velocidad_ms,presupuesto_min,umbral_c,n_alcanzables,cobertura_dif_puntos,jaccard_top20,pct_pob65_reclasificada
0.8,10.0,28.0,201,0.36,0.379,4.53
0.8,10.0,30.0,201,0.41,0.379,4.3
0.8,10.0,32.0,201,0.19,0.356,4.36
0.8,15.0,28.0,367,0.73,0.364,8.48
0.8,15.0,30.0,367,0.81,0.327,8.64
0.8,15.0,32.0,367,0.33,0.315,8.64
0.8,20.0,28.0,522,1.0,0.342,12.47
0.8,20.0,30.0,522,1.1,0.316,12.55
0.8,20.0,32.0,522,0.45,0.3,12.6
0.9,10.0,28.0,244,0.46,0.371,5.61
0.9,10.0,30.0,244,0.52,0.371,5.25
0.9,10.0,32.0,244,0.23,0.352,5.3
0.9,15.0,28.0,442,0.85,0.364,10.13
0.9,15.0,30.0,442,0.93,0.323,10.5
0.9,15.0,32.0,442,0.38,0.313,10.43
0.9,20.0,28.0,553,1.04,0.358,12.82
0.9,20.0,30.0,553,1.12,0.341,12.72
0.9,20.0,32.0,553,0.47,0.317,12.87
1.0,10.0,28.0,290,0.53,0.398,6.35
1.0,10.0,30.0,290,0.6,0.398,5.95
1.0,10.0,32.0,290,0.26,0.398,5.78
1.0,15.0,28.0,494,0.99,0.361,11.32
1.0,15.0,30.0,494,1.11,0.307,12.02
1.0,15.0,32.0,494,0.44,0.289,11.99
1.0,20.0,28.0,561,1.05,0.358,13.02
1.0,20.0,30.0,561,1.12,0.333,13.12
1.0,20.0,32.0,561,0.47,0.318,13.08
