corte_frac,sec_no_a_si,sec_si_a_no,sec_reclasificadas,sec_balance_neto,pob_no_a_si,pob_si_a_no,pob_reclasificada,pob_balance_neto,ventana,umbral,fragilidad,pct_pob_reclasificada,pct_pob_balance_neto,pct_sec_de_alcanzables,pct_sec_de_totales
0.5353728489483748,209,0,209,209,64585.913,0.0,64585.913,64585.913,manana_10_12,28.0,0.055795504912760883,36.98,36.98,51.6,35.36
0.6061185468451242,221,0,221,221,67968.673,0.0,67968.673,67968.673,manana_10_12,28.5,0.05976518394140275,38.91,38.91,54.57,37.39
0.6845124282982792,210,0,210,210,63362.631,0.0,63362.631,63362.631,manana_10_12,29.0,0.0646536802839275,36.28,36.28,51.85,35.53
0.7877629063097514,203,0,203,203,61643.916,0.0,61643.916,61643.916,manana_10_12,29.5,0.059975476636481576,35.29,35.29,50.12,34.35
0.8413001912045889,0,202,202,-202,0.0,59317.776,59317.776,-59317.776,manana_10_12,30.0,0.04912437357041408,33.96,-33.96,49.88,34.18
0.8891013384321224,0,200,200,-200,0.0,58709.455,58709.455,-58709.455,manana_10_12,30.5,0.03823121196533082,33.61,-33.61,49.38,33.84
0.9196940726577438,0,185,185,-185,0.0,54578.135,54578.135,-54578.135,manana_10_12,31.0,0.026778348264114685,31.25,-31.25,45.68,31.3
0.9407265774378585,0,144,144,-144,0.0,40926.927,40926.927,-40926.927,manana_10_12,31.5,0.02048574377290977,23.43,-23.43,35.56,24.37
0.9598470363288719,0,196,196,-196,0.0,57937.508,57937.508,-57937.508,manana_10_12,32.0,0.014477843238119271,33.17,-33.17,48.4,33.16
0.97131931166348,0,201,201,-201,0.0,58664.14199999999,58664.14199999999,-58664.14199999999,manana_10_12,32.5,0.010805809254819746,33.59,-33.59,49.63,34.01
0.9770554493307839,0,143,143,-143,0.0,41879.204,41879.204,-41879.204,manana_10_12,33.0,0.007699947912117065,23.98,-23.98,35.31,24.2
0.982791586998088,0,149,149,-149,0.0,41906.326,41906.326,-41906.326,manana_10_12,33.5,0.006829659681713918,23.99,-23.99,36.79,25.21
0.9866156787762906,0,151,151,-151,0.0,42875.579,42875.579,-42875.579,manana_10_12,34.0,0.005703784944984196,24.55,-24.55,37.28,25.55
0.4564796905222437,0,199,199,-199,0.0,58574.921,58574.921,-58574.921,tarde_16_18,28.0,0.05390660029389914,33.54,-33.54,49.14,33.67
0.5087040618955513,0,196,196,-196,0.0,57892.914000000004,57892.914000000004,-57892.914000000004,tarde_16_18,28.5,0.058265995084225995,33.15,-33.15,48.4,33.16
0.5686653771760155,0,187,187,-187,0.0,55386.05299999999,55386.05299999999,-55386.05299999999,tarde_16_18,29.0,0.06527637319299485,31.71,-31.71,46.17,31.64
0.6363636363636364,0,194,194,-194,0.0,57372.988,57372.988,-57372.988,tarde_16_18,29.5,0.07241439123931834,32.85,-32.85,47.9,32.83
0.7253384912959381,0,195,195,-195,0.0,57322.683000000005,57322.683000000005,-57322.683000000005,tarde_16_18,30.0,0.07519628731422662,32.82,-32.82,48.15,32.99
0.7969052224371374,0,187,187,-187,0.0,54961.011,54961.011,-54961.011,tarde_16_18,30.5,0.060419509928096166,31.47,-31.47,46.17,31.64
0.8646034816247582,0,201,201,-201,0.0,59326.26000000001,59326.26000000001,-59326.26000000001,tarde_16_18,31.0,0.052221098554395884,33.97,-33.97,49.63,34.01
0.9187620889748549,0,202,202,-202,0.0,59412.847,59412.847,-59412.847,tarde_16_18,31.5,0.0399316635411246,34.02,-34.02,49.88,34.18
0.9516441005802708,0,174,174,-174,0.0,49913.392,49913.392,-49913.392,tarde_16_18,32.0,0.023688663282571912,28.58,-28.58,42.96,29.44
0.9709864603481625,0,201,201,-201,0.0,59487.244,59487.244,-59487.244,tarde_16_18,32.5,0.01530697404981885,34.06,-34.06,49.63,34.01
0.9825918762088974,0,128,128,-128,0.0,38967.29299999999,38967.29299999999,-38967.29299999999,tarde_16_18,33.0,0.008522420445954304,22.31,-22.31,31.6,21.66
0.988394584139265,247,0,247,247,74306.614,0.0,74306.614,74306.614,tarde_16_18,33.5,0.004922319643131826,42.54,42.54,60.99,41.79
0.9903288201160542,0,100,100,-100,0.0,30061.833000000002,30061.833000000002,-30061.833000000002,tarde_16_18,34.0,0.0026771658697352617,17.21,-17.21,24.69,16.92
