city,mode,window,threshold,phi,passed
Valencia,connectors_shade,Morning,28,0.1,True
Valencia,connectors_shade,Morning,28,0.2,True
Valencia,connectors_shade,Morning,28,0.3,True
Valencia,connectors_shade,Morning,28,0.4,True
Valencia,connectors_shade,Morning,28,0.5,True
Valencia,connectors_shade,Morning,28,0.6,True
Valencia,connectors_shade,Morning,28,0.7,True
Valencia,connectors_shade,Morning,28,1.0,True
Valencia,connectors_shade,Morning,30,0.1,True
Valencia,connectors_shade,Morning,30,0.2,True
Valencia,connectors_shade,Morning,30,0.3,True
Valencia,connectors_shade,Morning,30,0.4,True
Valencia,connectors_shade,Morning,30,0.5,True
Valencia,connectors_shade,Morning,30,0.6,True
Valencia,connectors_shade,Morning,30,0.7,True
Valencia,connectors_shade,Morning,30,1.0,True
Valencia,connectors_shade,Morning,32,0.1,True
Valencia,connectors_shade,Morning,32,0.2,True
Valencia,connectors_shade,Morning,32,0.3,True
Valencia,connectors_shade,Morning,32,0.4,True
Valencia,connectors_shade,Morning,32,0.5,True
Valencia,connectors_shade,Morning,32,0.6,True
Valencia,connectors_shade,Morning,32,0.7,True
Valencia,connectors_shade,Morning,32,1.0,True
Valencia,connectors_shade,Afternoon,28,0.1,True
Valencia,connectors_shade,Afternoon,28,0.2,True
Valencia,connectors_shade,Afternoon,28,0.3,True
Valencia,connectors_shade,Afternoon,28,0.4,True
Valencia,connectors_shade,Afternoon,28,0.5,True
Valencia,connectors_shade,Afternoon,28,0.6,True
Valencia,connectors_shade,Afternoon,28,0.7,True
Valencia,connectors_shade,Afternoon,28,1.0,True
Valencia,connectors_shade,Afternoon,30,0.1,True
Valencia,connectors_shade,Afternoon,30,0.2,True
Valencia,connectors_shade,Afternoon,30,0.3,True
Valencia,connectors_shade,Afternoon,30,0.4,True
Valencia,connectors_shade,Afternoon,30,0.5,True
Valencia,connectors_shade,Afternoon,30,0.6,True
Valencia,connectors_shade,Afternoon,30,0.7,True
Valencia,connectors_shade,Afternoon,30,1.0,True
Valencia,connectors_shade,Afternoon,32,0.1,True
Valencia,connectors_shade,Afternoon,32,0.2,True
Valencia,connectors_shade,Afternoon,32,0.3,True
Valencia,connectors_shade,Afternoon,32,0.4,True
Valencia,connectors_shade,Afternoon,32,0.5,True
Valencia,connectors_shade,Afternoon,32,0.6,True
Valencia,connectors_shade,Afternoon,32,0.7,True
Valencia,connectors_shade,Afternoon,32,1.0,True
Valencia,connectors_sun,Morning,28,0.1,True
Valencia,connectors_sun,Morning,28,0.2,True
Valencia,connectors_sun,Morning,28,0.3,True
Valencia,connectors_sun,Morning,28,0.4,True
Valencia,connectors_sun,Morning,28,0.5,True
Valencia,connectors_sun,Morning,28,0.6,True
Valencia,connectors_sun,Morning,28,0.7,True
Valencia,connectors_sun,Morning,28,1.0,True
Valencia,connectors_sun,Morning,30,0.1,True
Valencia,connectors_sun,Morning,30,0.2,True
Valencia,connectors_sun,Morning,30,0.3,True
Valencia,connectors_sun,Morning,30,0.4,True
Valencia,connectors_sun,Morning,30,0.5,True
Valencia,connectors_sun,Morning,30,0.6,True
Valencia,connectors_sun,Morning,30,0.7,True
Valencia,connectors_sun,Morning,30,1.0,True
Valencia,connectors_sun,Morning,32,0.1,True
Valencia,connectors_sun,Morning,32,0.2,True
Valencia,connectors_sun,Morning,32,0.3,True
Valencia,connectors_sun,Morning,32,0.4,True
Valencia,connectors_sun,Morning,32,0.5,True
Valencia,connectors_sun,Morning,32,0.6,True
Valencia,connectors_sun,Morning,32,0.7,True
Valencia,connectors_sun,Morning,32,1.0,True
Valencia,connectors_sun,Afternoon,28,0.1,True
Valencia,connectors_sun,Afternoon,28,0.2,True
Valencia,connectors_sun,Afternoon,28,0.3,True
Valencia,connectors_sun,Afternoon,28,0.4,True
Valencia,connectors_sun,Afternoon,28,0.5,True
Valencia,connectors_sun,Afternoon,28,0.6,True
Valencia,connectors_sun,Afternoon,28,0.7,True
Valencia,connectors_sun,Afternoon,28,1.0,True
Valencia,connectors_sun,Afternoon,30,0.1,True
Valencia,connectors_sun,Afternoon,30,0.2,True
Valencia,connectors_sun,Afternoon,30,0.3,True
Valencia,connectors_sun,Afternoon,30,0.4,True
Valencia,connectors_sun,Afternoon,30,0.5,True
Valencia,connectors_sun,Afternoon,30,0.6,True
Valencia,connectors_sun,Afternoon,30,0.7,True
Valencia,connectors_sun,Afternoon,30,1.0,True
Valencia,connectors_sun,Afternoon,32,0.1,True
Valencia,connectors_sun,Afternoon,32,0.2,True
Valencia,connectors_sun,Afternoon,32,0.3,True
Valencia,connectors_sun,Afternoon,32,0.4,True
Valencia,connectors_sun,Afternoon,32,0.5,True
Valencia,connectors_sun,Afternoon,32,0.6,True
Valencia,connectors_sun,Afternoon,32,0.7,True
Valencia,connectors_sun,Afternoon,32,1.0,True
Valencia,network,Morning,28,0.1,True
Valencia,network,Morning,28,0.2,True
Valencia,network,Morning,28,0.3,True
Valencia,network,Morning,28,0.4,True
Valencia,network,Morning,28,0.5,True
Valencia,network,Morning,28,0.6,True
Valencia,network,Morning,28,0.7,True
Valencia,network,Morning,28,1.0,True
Valencia,network,Morning,30,0.1,True
Valencia,network,Morning,30,0.2,True
Valencia,network,Morning,30,0.3,True
Valencia,network,Morning,30,0.4,True
Valencia,network,Morning,30,0.5,True
Valencia,network,Morning,30,0.6,True
Valencia,network,Morning,30,0.7,True
Valencia,network,Morning,30,1.0,True
Valencia,network,Morning,32,0.1,True
Valencia,network,Morning,32,0.2,True
Valencia,network,Morning,32,0.3,True
Valencia,network,Morning,32,0.4,True
Valencia,network,Morning,32,0.5,True
Valencia,network,Morning,32,0.6,True
Valencia,network,Morning,32,0.7,True
Valencia,network,Morning,32,1.0,True
Valencia,network,Afternoon,28,0.1,True
Valencia,network,Afternoon,28,0.2,True
Valencia,network,Afternoon,28,0.3,True
Valencia,network,Afternoon,28,0.4,True
Valencia,network,Afternoon,28,0.5,True
Valencia,network,Afternoon,28,0.6,True
Valencia,network,Afternoon,28,0.7,True
Valencia,network,Afternoon,28,1.0,True
Valencia,network,Afternoon,30,0.1,True
Valencia,network,Afternoon,30,0.2,True
Valencia,network,Afternoon,30,0.3,True
Valencia,network,Afternoon,30,0.4,True
Valencia,network,Afternoon,30,0.5,True
Valencia,network,Afternoon,30,0.6,True
Valencia,network,Afternoon,30,0.7,True
Valencia,network,Afternoon,30,1.0,True
Valencia,network,Afternoon,32,0.1,True
Valencia,network,Afternoon,32,0.2,True
Valencia,network,Afternoon,32,0.3,True
Valencia,network,Afternoon,32,0.4,True
Valencia,network,Afternoon,32,0.5,True
Valencia,network,Afternoon,32,0.6,True
Valencia,network,Afternoon,32,0.7,True
Valencia,network,Afternoon,32,1.0,True
Madrid,connectors_shade,Morning,28,0.1,True
Madrid,connectors_shade,Morning,28,0.2,True
Madrid,connectors_shade,Morning,28,0.3,True
Madrid,connectors_shade,Morning,28,0.4,True
Madrid,connectors_shade,Morning,28,0.5,True
Madrid,connectors_shade,Morning,28,0.6,True
Madrid,connectors_shade,Morning,28,0.7,True
Madrid,connectors_shade,Morning,28,1.0,True
Madrid,connectors_shade,Morning,30,0.1,True
Madrid,connectors_shade,Morning,30,0.2,True
Madrid,connectors_shade,Morning,30,0.3,True
Madrid,connectors_shade,Morning,30,0.4,True
Madrid,connectors_shade,Morning,30,0.5,True
Madrid,connectors_shade,Morning,30,0.6,True
Madrid,connectors_shade,Morning,30,0.7,True
Madrid,connectors_shade,Morning,30,1.0,True
Madrid,connectors_shade,Morning,32,0.1,True
Madrid,connectors_shade,Morning,32,0.2,True
Madrid,connectors_shade,Morning,32,0.3,True
Madrid,connectors_shade,Morning,32,0.4,True
Madrid,connectors_shade,Morning,32,0.5,True
Madrid,connectors_shade,Morning,32,0.6,True
Madrid,connectors_shade,Morning,32,0.7,True
Madrid,connectors_shade,Morning,32,1.0,True
Madrid,connectors_shade,Afternoon,28,0.1,True
Madrid,connectors_shade,Afternoon,28,0.2,True
Madrid,connectors_shade,Afternoon,28,0.3,True
Madrid,connectors_shade,Afternoon,28,0.4,True
Madrid,connectors_shade,Afternoon,28,0.5,True
Madrid,connectors_shade,Afternoon,28,0.6,True
Madrid,connectors_shade,Afternoon,28,0.7,True
Madrid,connectors_shade,Afternoon,28,1.0,True
Madrid,connectors_shade,Afternoon,30,0.1,True
Madrid,connectors_shade,Afternoon,30,0.2,True
Madrid,connectors_shade,Afternoon,30,0.3,True
Madrid,connectors_shade,Afternoon,30,0.4,True
Madrid,connectors_shade,Afternoon,30,0.5,True
Madrid,connectors_shade,Afternoon,30,0.6,True
Madrid,connectors_shade,Afternoon,30,0.7,True
Madrid,connectors_shade,Afternoon,30,1.0,True
Madrid,connectors_shade,Afternoon,32,0.1,True
Madrid,connectors_shade,Afternoon,32,0.2,True
Madrid,connectors_shade,Afternoon,32,0.3,True
Madrid,connectors_shade,Afternoon,32,0.4,True
Madrid,connectors_shade,Afternoon,32,0.5,True
Madrid,connectors_shade,Afternoon,32,0.6,True
Madrid,connectors_shade,Afternoon,32,0.7,True
Madrid,connectors_shade,Afternoon,32,1.0,True
Madrid,connectors_sun,Morning,28,0.1,True
Madrid,connectors_sun,Morning,28,0.2,True
Madrid,connectors_sun,Morning,28,0.3,True
Madrid,connectors_sun,Morning,28,0.4,True
Madrid,connectors_sun,Morning,28,0.5,True
Madrid,connectors_sun,Morning,28,0.6,True
Madrid,connectors_sun,Morning,28,0.7,True
Madrid,connectors_sun,Morning,28,1.0,True
Madrid,connectors_sun,Morning,30,0.1,True
Madrid,connectors_sun,Morning,30,0.2,True
Madrid,connectors_sun,Morning,30,0.3,True
Madrid,connectors_sun,Morning,30,0.4,True
Madrid,connectors_sun,Morning,30,0.5,True
Madrid,connectors_sun,Morning,30,0.6,True
Madrid,connectors_sun,Morning,30,0.7,True
Madrid,connectors_sun,Morning,30,1.0,True
Madrid,connectors_sun,Morning,32,0.1,True
Madrid,connectors_sun,Morning,32,0.2,True
Madrid,connectors_sun,Morning,32,0.3,True
Madrid,connectors_sun,Morning,32,0.4,True
Madrid,connectors_sun,Morning,32,0.5,True
Madrid,connectors_sun,Morning,32,0.6,True
Madrid,connectors_sun,Morning,32,0.7,True
Madrid,connectors_sun,Morning,32,1.0,True
Madrid,connectors_sun,Afternoon,28,0.1,True
Madrid,connectors_sun,Afternoon,28,0.2,True
Madrid,connectors_sun,Afternoon,28,0.3,True
Madrid,connectors_sun,Afternoon,28,0.4,True
Madrid,connectors_sun,Afternoon,28,0.5,True
Madrid,connectors_sun,Afternoon,28,0.6,True
Madrid,connectors_sun,Afternoon,28,0.7,True
Madrid,connectors_sun,Afternoon,28,1.0,True
Madrid,connectors_sun,Afternoon,30,0.1,True
Madrid,connectors_sun,Afternoon,30,0.2,True
Madrid,connectors_sun,Afternoon,30,0.3,True
Madrid,connectors_sun,Afternoon,30,0.4,True
Madrid,connectors_sun,Afternoon,30,0.5,True
Madrid,connectors_sun,Afternoon,30,0.6,True
Madrid,connectors_sun,Afternoon,30,0.7,True
Madrid,connectors_sun,Afternoon,30,1.0,True
Madrid,connectors_sun,Afternoon,32,0.1,True
Madrid,connectors_sun,Afternoon,32,0.2,True
Madrid,connectors_sun,Afternoon,32,0.3,True
Madrid,connectors_sun,Afternoon,32,0.4,True
Madrid,connectors_sun,Afternoon,32,0.5,True
Madrid,connectors_sun,Afternoon,32,0.6,True
Madrid,connectors_sun,Afternoon,32,0.7,True
Madrid,connectors_sun,Afternoon,32,1.0,True
Madrid,network,Morning,28,0.1,True
Madrid,network,Morning,28,0.2,True
Madrid,network,Morning,28,0.3,True
Madrid,network,Morning,28,0.4,True
Madrid,network,Morning,28,0.5,True
Madrid,network,Morning,28,0.6,True
Madrid,network,Morning,28,0.7,True
Madrid,network,Morning,28,1.0,True
Madrid,network,Morning,30,0.1,True
Madrid,network,Morning,30,0.2,True
Madrid,network,Morning,30,0.3,True
Madrid,network,Morning,30,0.4,True
Madrid,network,Morning,30,0.5,True
Madrid,network,Morning,30,0.6,True
Madrid,network,Morning,30,0.7,True
Madrid,network,Morning,30,1.0,True
Madrid,network,Morning,32,0.1,True
Madrid,network,Morning,32,0.2,True
Madrid,network,Morning,32,0.3,True
Madrid,network,Morning,32,0.4,True
Madrid,network,Morning,32,0.5,True
Madrid,network,Morning,32,0.6,True
Madrid,network,Morning,32,0.7,True
Madrid,network,Morning,32,1.0,True
Madrid,network,Afternoon,28,0.1,True
Madrid,network,Afternoon,28,0.2,True
Madrid,network,Afternoon,28,0.3,True
Madrid,network,Afternoon,28,0.4,True
Madrid,network,Afternoon,28,0.5,True
Madrid,network,Afternoon,28,0.6,True
Madrid,network,Afternoon,28,0.7,True
Madrid,network,Afternoon,28,1.0,True
Madrid,network,Afternoon,30,0.1,True
Madrid,network,Afternoon,30,0.2,True
Madrid,network,Afternoon,30,0.3,True
Madrid,network,Afternoon,30,0.4,True
Madrid,network,Afternoon,30,0.5,True
Madrid,network,Afternoon,30,0.6,True
Madrid,network,Afternoon,30,0.7,True
Madrid,network,Afternoon,30,1.0,True
Madrid,network,Afternoon,32,0.1,True
Madrid,network,Afternoon,32,0.2,True
Madrid,network,Afternoon,32,0.3,True
Madrid,network,Afternoon,32,0.4,True
Madrid,network,Afternoon,32,0.5,True
Madrid,network,Afternoon,32,0.6,True
Madrid,network,Afternoon,32,0.7,True
Madrid,network,Afternoon,32,1.0,True
