city,mode,window,threshold,phi,year,direct_conjunction,population_min_capture,uniform_min_capture,solar_failure_local_top_score_share,shared_thermal_failure_local_top_score_share,local_only_failure_local_top_score_share
Valencia,connectors_shade,Morning,30,0.4,2019,True,55.88109471071003,99.89382331865953,0.8962341124010299,0.08209103618085467,0.02167485141811532
Valencia,connectors_shade,Morning,30,0.4,2020,True,41.603401625382524,99.76889211079015,0.96942002656198,0.019773317956736473,0.010806655481283262
Valencia,connectors_shade,Morning,30,0.4,2021,True,49.81670100055893,99.9870449011677,0.932279477261716,0.04265052217723724,0.025070000561046617
Valencia,connectors_shade,Morning,30,0.4,2022,True,72.69056525226841,99.78489845495781,0.7883410304095814,0.1506956856996366,0.060963283890781865
Valencia,connectors_shade,Morning,30,0.4,2023,True,56.99660396644232,99.61655533348085,0.8786248731084756,0.0913088255206059,0.030066301370918314
Valencia,connectors_shade,Morning,30,0.4,2025,True,71.81700857133808,99.75719298161032,0.7893843727446637,0.15633473581492552,0.05428089144041065
Valencia,connectors_shade,Afternoon,30,0.4,2019,True,65.99163742844665,97.94804742526989,0.641631394510427,0.28421368720387274,0.0741549182857004
Valencia,connectors_shade,Afternoon,30,0.4,2020,True,57.863597028311176,97.40083258061821,0.6976283026214309,0.2519543148058249,0.05041738257274428
Valencia,connectors_shade,Afternoon,30,0.4,2021,True,59.3121179689318,97.68578176607335,0.7178080975096497,0.18996565949083322,0.09222624299951702
Valencia,connectors_shade,Afternoon,30,0.4,2022,True,90.00376906253113,97.59354189227602,0.29052973846990343,0.5482475969398872,0.1612226645902093
Valencia,connectors_shade,Afternoon,30,0.4,2023,True,78.77300676269721,96.35719617711571,0.44423644947580315,0.4023136430081125,0.15344990751608426
Valencia,connectors_shade,Afternoon,30,0.4,2025,True,85.1761039389913,98.32813710568806,0.38594578691824444,0.5451432947685028,0.06891091831325268
Valencia,connectors_sun,Morning,30,0.4,2019,True,59.763081960062046,99.98977784323854,0.9745483136964173,0.01931868975115532,0.006132996552427101
Valencia,connectors_sun,Morning,30,0.4,2020,True,51.30690811998997,99.87100889365028,0.9943986501671164,0.0032803612884776032,0.0023209885444060744
Valencia,connectors_sun,Morning,30,0.4,2021,True,55.449142927111495,100.0,0.984751246389964,0.009589703807380386,0.005659049802655505
Valencia,connectors_sun,Morning,30,0.4,2022,True,71.20985127316324,99.73733568275037,0.9192142904516729,0.0562208017251504,0.024564907823176597
Valencia,connectors_sun,Morning,30,0.4,2023,True,60.98353499179752,99.92285283337996,0.9582758328432117,0.02996204458959948,0.011762122567189108
Valencia,connectors_sun,Morning,30,0.4,2025,True,70.41965251306848,99.94736358616935,0.9268027797211043,0.05322610079862146,0.019971119480274354
Valencia,connectors_sun,Afternoon,30,0.4,2019,True,57.2028318491433,99.72540667747423,0.891197962873604,0.08347793511829668,0.025324102008099227
Valencia,connectors_sun,Afternoon,30,0.4,2020,True,51.58474116297992,99.64791659281276,0.9129803863891754,0.06931640047284121,0.017703213137983204
Valencia,connectors_sun,Afternoon,30,0.4,2021,True,50.66473296519197,99.8352440354915,0.918261249404194,0.05912757618064994,0.02261117441515587
Valencia,connectors_sun,Afternoon,30,0.4,2022,True,82.79875189990794,99.0708872528829,0.6018333815559471,0.3104333079006955,0.08773331054335726
Valencia,connectors_sun,Afternoon,30,0.4,2023,True,70.79765064449245,99.55620443215008,0.7929240517861441,0.15058606047867668,0.05648988773517924
Valencia,connectors_sun,Afternoon,30,0.4,2025,True,77.29433526923573,99.74617532805591,0.7521947122487856,0.21754294772776503,0.03026234002344923
Valencia,network,Morning,30,0.4,2019,True,55.020768013323085,99.84497893920823,0.9345859402332998,0.050549714632291874,0.014864345134408232
Valencia,network,Morning,30,0.4,2020,True,42.338424585019,99.85650508745164,0.9810036666463916,0.012731433436206257,0.0062648999174022505
Valencia,network,Morning,30,0.4,2021,True,49.64830055645536,99.9719337566244,0.9580051926089033,0.026140813369604166,0.015853994021492554
Valencia,network,Morning,30,0.4,2022,True,70.6714388483243,99.78333592106624,0.843717955288235,0.1107408493081962,0.04554119540356892
Valencia,network,Morning,30,0.4,2023,True,55.97671651350348,99.81288911711052,0.9147069018241554,0.06358953225250978,0.02170356592333481
Valencia,network,Morning,30,0.4,2025,True,69.77769834973697,99.7760064092748,0.85478123582369,0.10699839568579941,0.03822036849051046
Valencia,network,Afternoon,30,0.4,2019,True,59.44311823110595,97.27286624564262,0.7276127771361366,0.21030795555629783,0.06207926730756567
Valencia,network,Afternoon,30,0.4,2020,True,51.137569299903944,97.69873410270871,0.7994046061314424,0.1660560618345665,0.034539332033991024
Valencia,network,Afternoon,30,0.4,2021,True,51.690776366500145,98.24912323011148,0.8026639753040484,0.13756522268222285,0.05977080201372864
Valencia,network,Afternoon,30,0.4,2022,True,87.63665052752707,98.38118494896496,0.3289891577793815,0.5178223464864846,0.15318849573413396
Valencia,network,Afternoon,30,0.4,2023,True,74.14281881743074,97.55478685486345,0.5192429459375923,0.3464679703306731,0.1342890837317347
Valencia,network,Afternoon,30,0.4,2025,True,81.72766927286118,99.0939671121582,0.4517291775188942,0.48399960148598636,0.06427122099511932
Madrid,connectors_shade,Morning,30,0.4,2019,True,61.3944799586444,99.79916829987215,0.9234906931525125,0.0588892587364215,0.017620048111066076
Madrid,connectors_shade,Morning,30,0.4,2020,True,63.09709443594746,99.8156112452977,0.915527160977995,0.06644878411579372,0.01802405490621114
Madrid,connectors_shade,Morning,30,0.4,2021,True,55.768826797862,99.94610553255913,0.9408288119048961,0.045659090737581086,0.01351209735752255
Madrid,connectors_shade,Morning,30,0.4,2022,True,80.95169717618465,98.94192272399437,0.7021613457123721,0.2123348808180869,0.08550377346954102
Madrid,connectors_shade,Morning,30,0.4,2023,True,77.23466483883061,99.05591586012551,0.7677034421869199,0.17387701417363371,0.058419543639446514
Madrid,connectors_shade,Morning,30,0.4,2025,True,78.02709846847097,98.53512134954755,0.6725945088509206,0.21759182510624064,0.10981366604283876
Madrid,connectors_shade,Afternoon,30,0.4,2019,True,98.86431451552991,99.93211344883272,0.21402444078383445,0.7669692616827076,0.019006297533458037
Madrid,connectors_shade,Afternoon,30,0.4,2020,True,98.85077523018762,99.96765152706818,0.21664594013868113,0.7711730908213704,0.0121809690399485
Madrid,connectors_shade,Afternoon,30,0.4,2021,True,98.51973901885557,99.94531389874929,0.22613960532593247,0.7491894611437898,0.024670933530277498
Madrid,connectors_shade,Afternoon,30,0.4,2022,True,99.4185509271345,99.99422722210961,0.18757017843258825,0.7979947151723829,0.014435106395028883
Madrid,connectors_shade,Afternoon,30,0.4,2023,True,99.1127188116241,99.98786437558053,0.197075040678978,0.7831843832299697,0.01974057609105227
Madrid,connectors_shade,Afternoon,30,0.4,2025,True,99.71275171578672,99.91866687307481,0.15542811701772066,0.8142780985894206,0.030293784392858594
Madrid,connectors_sun,Morning,30,0.4,2019,True,63.968135141728226,99.93612072826085,0.9757803345003289,0.01797254875559394,0.006247116744077214
Madrid,connectors_sun,Morning,30,0.4,2020,True,64.94754299743907,99.96005353110093,0.9722796193320736,0.022226875748857615,0.0054935049190686725
Madrid,connectors_sun,Morning,30,0.4,2021,True,60.7873343280681,99.94428293735744,0.9763396847638439,0.018330397788274843,0.005329917447881223
Madrid,connectors_sun,Morning,30,0.4,2022,True,77.22442762320206,99.54553853262787,0.8901061067520452,0.07301553239975883,0.03687836084819609
Madrid,connectors_sun,Morning,30,0.4,2023,True,74.84946539303587,99.81992838363608,0.9151087020428837,0.06177855065960313,0.023112747297513128
Madrid,connectors_sun,Morning,30,0.4,2025,True,74.90776718829248,99.62684498923603,0.8721372269971437,0.07930823215962428,0.048554540843232026
Madrid,connectors_sun,Afternoon,30,0.4,2019,True,97.96021233876466,99.9085535864091,0.40073113747704914,0.5839776987269822,0.015291163795968548
Madrid,connectors_sun,Afternoon,30,0.4,2020,True,97.82273169373445,99.96526882926032,0.4067100961868471,0.5833893996982455,0.00990050411490725
Madrid,connectors_sun,Afternoon,30,0.4,2021,True,97.52512221362456,99.94223071527371,0.40944262919737634,0.5712300545614784,0.019327316241145285
Madrid,connectors_sun,Afternoon,30,0.4,2022,True,98.97788330220703,99.99360052003496,0.3456466686806902,0.6423641272964218,0.011989204022887792
Madrid,connectors_sun,Afternoon,30,0.4,2023,True,98.41755808730717,99.98942116291708,0.3720788477564249,0.6126035161891114,0.015317636054463842
Madrid,connectors_sun,Afternoon,30,0.4,2025,True,99.50964549700622,99.94059804226059,0.30010003830301346,0.6748907803735302,0.025009181323456343
Madrid,network,Morning,30,0.4,2019,True,61.088976094009894,99.92153589945188,0.9483406808830316,0.039538148669523376,0.0121211704474449
Madrid,network,Morning,30,0.4,2020,True,62.529087946592696,99.83791958573441,0.9434127107327652,0.043882930627696395,0.0127043586395383
Madrid,network,Morning,30,0.4,2021,True,56.33945342656446,99.93506406948876,0.9573422626599439,0.03307344403870882,0.00958429330134717
Madrid,network,Morning,30,0.4,2022,True,78.85984320880449,98.8375048135566,0.7770449964181374,0.1554491628594975,0.06750584072236504
Madrid,network,Morning,30,0.4,2023,True,75.5725221368028,99.39905786513565,0.8211934805198927,0.1315639064902607,0.04724261298984644
Madrid,network,Morning,30,0.4,2025,True,76.04050305929361,98.96073457139724,0.7637311612353432,0.15219160704321957,0.08407723172143723
Madrid,network,Afternoon,30,0.4,2019,True,98.74206628895966,99.92298601199019,0.2590463719612616,0.7226235749043555,0.018330053134382948
Madrid,network,Afternoon,30,0.4,2020,True,98.6586444578241,99.96278267650199,0.2678509155133618,0.7204538286519998,0.011695255834638462
Madrid,network,Afternoon,30,0.4,2021,True,98.30606758007413,99.95859326171698,0.2683235193395285,0.7078687851516351,0.023807695508836445
Madrid,network,Afternoon,30,0.4,2022,True,99.3195758150248,99.99142962292468,0.21746043128875034,0.7685246587941544,0.014014909917095125
Madrid,network,Afternoon,30,0.4,2023,True,98.93339168959636,99.98896832248467,0.23339209235174735,0.7476977229108375,0.018910184737415417
Madrid,network,Afternoon,30,0.4,2025,True,99.67400562077403,99.92343283441605,0.1828112432191786,0.787114278514773,0.030074478266048577
