id,name,announced,extra_hours_8_21,extra_hours_16_21
0,Biblioteca Municipal de Benimaclet – Carola Reig,True,6.25,5.0
1,Biblioteca Municipal del Grau – Constantí Llombart,True,6.25,5.0
2,Biblioteca Municipal de Malilla - Roís de Corella,True,6.25,5.0
3,Biblioteca Municipal de Tres Forques - Lluís Fullana i Mira,False,6.5,5.0
4,Biblioteca Municipal Sant Marcel·lí - Camí Real - Clara Santiró i Font,False,6.25,5.0
5,Biblioteca Municipal d'Arrancapins - Eduard Escalante,False,6.25,5.0
6,Biblioteca Municipal de L'Amistat - Tomàs Vicent Tosca,False,6.25,5.0
7,Biblioteca Municipal de Marxalenes - Joanot Martorell,True,6.25,5.0
8,Biblioteca Municipal de Natzaret - del Mar,True,6.25,5.0
9,Biblioteca Municipal de Russafa - Nova Al-Russafí,False,6.25,5.0
10,Biblioteca Municipal de la Creu del Grau - Gregori Maians i Síscar,False,6.25,5.0
11,Biblioteca Municipal dels Orriols - Josep Maria Bayarri,False,6.25,5.0
12,Biblioteca Municipal Palacio de la Exposición,False,6.25,5.0
13,CCCC (Centre del Carme Cultura Contemporània),False,1.0,1.0
14,Institut Valencià d’Art Modern (IVAM),False,2.0,2.0
15,Museo de las Ciencias,True,0.0,0.0
16,Museo de la Ciudad,True,2.0,2.0
17,Museo de Historia de València,True,2.0,2.0
18,Museo de Ciencias Naturales (antiguo Paleontològic),True,2.0,2.0
19,Centro Cultural Municipal Chalet Aben Al Abbar,True,0.0,0.0
20,Centro Cultural Municipal Nave 3 Ribes,True,7.0,5.0
21,Centro Cultural Municipal Escorxador,True,0.0,0.0
22,Centro Cultural Municipal Alqueria Albors,True,0.0,0.0
23,Centro Cultural Municipal Reina 121,True,0.0,0.0
24,Las Naves,False,0.0,0.0
25,Palacio de Congresos,False,7.0,5.0
26,Observatori del Canvi Climàtic,True,6.0,5.0
27,Oficina de l'Energia Ayora,True,3.0,3.0
28,Oficina de l'Energia Torrefiel,True,7.0,5.0
29,Oficina de l'Energia Parc de l'Oest,True,3.0,3.0
30,Centro Municipal de Servicios Sociales Patraix,False,7.0,5.0
31,Centro Municipal de actividades para Personas Mayores Nou Benicalap,True,1.0,1.0
32,Centro Municipal de actividades para Personas Mayores Nou Moles,True,1.0,1.0
33,Centro Municipal de actividades para Personas Mayores Patraix,True,1.0,1.0
34,Centro Municipal de actividades para Personas Mayores Campanar,True,1.0,1.0
35,Junta Municipal Dels Pobles de Benimàmet-Beniferri,False,6.5,5.0
36,Junta Municipal de Pobles del Nord (Carpesa),False,6.5,5.0
37,Junta Municipal de Pobles del Sud (Castellar),False,6.5,5.0
38,Centro Cívico Ayora,False,1.0,1.0
39,Complex Esportiu Cultural Petxina,False,1.0,1.0
40,Oficina turística playa del Cabanyal,True,6.0,5.0
